지점,평가그룹,영업팀,채널,유통,로봇청소기Gross 전년마감실판,로봇청소기Gross 전년동기실판,로봇청소기Gross 당월실판,로봇청소기Gross 전년동기比,로봇청소기Gross 전년동기比평점,로봇청소기수량 전년마감실판,로봇청소기수량 전년동기실판,로봇청소기수량 목표,로봇청소기수량 당월실판,로봇청소기수량 전년동기比,로봇청소기수량 목표比,로봇청소기수량 목표比평점,로봇청소기 평점,스타일러Gross 전년마감실판,스타일러Gross 전년동기실판,스타일러Gross 당월실판,스타일러Gross 전년동기比,스타일러Gross 전년동기比평점,스타일러수량 전년마감실판,스타일러수량 전년동기실판,스타일러수량 목표,스타일러수량 당월실판,스타일러수량 전년동기比,스타일러수량 목표比,스타일러수량 목표比평점,스타일러 평점,식기세척기Gross 전년마감실판,식기세척기Gross 전년동기실판,식기세척기Gross 당월실판,식기세척기Gross 전년동기比,식기세척기Gross 전년동기比평점,식기세척기수량 전년마감실판,식기세척기수량 전년동기실판,식기세척기수량 목표,식기세척기수량 당월실판,식기세척기수량 전년동기比,식기세척기수량 목표比,식기세척기수량 목표比평점,식기세척기 평점,스탠바이미Gross 전년마감실판,스탠바이미Gross 전년동기실판,스탠바이미Gross 당월실판,스탠바이미Gross 전년동기比,스탠바이미Gross 전년동기比평점,스탠바이미수량 전년마감실판,스탠바이미수량 전년동기실판,스탠바이미수량 목표,스탠바이미수량 당월실판,스탠바이미수량 전년동기比,스탠바이미수량 목표比,스탠바이미수량 목표比평점,스탠바이미 평점,M&B제품계Gross 전년마감실판,M&B제품계Gross 전년동기실판,M&B제품계Gross 당월실판,M&B제품계Gross 전년동기比,M&B제품계수량 전년마감실판,M&B제품계수량 전년동기실판,M&B제품계수량 당월실판,M&B제품계수량 전년동기比,M&B Gross 평점,M&B 수량 평점,M&B 평점
(신)이마트 E/T스타필드하남점,대형마트담당 이마트 상위리그,혼매강남팀,이마트,대형마트,0.0,0.0,1.7,,2.500,0.0,0.0,0.0,2.0,,,2.500,5.000,-17.9,-17.9,3.9,-121.9%,2.500,-10.0,-10.0,0.0,2.0,-120.0%,,2.500,5.000,0.0,0.0,1.5,,2.500,0.0,0.0,0.0,1.0,,,2.500,5.000,0.0,0.0,1.1,,2.500,0.0,0.0,0.0,1.0,,,2.500,5.000,-17.9,-17.9,8.2,-146.1%,-10.0,-10.0,6.0,-160.0%,10.000,10.000,20.000
(신)이마트 분당점,대형마트담당 이마트 상위리그,혼매강남팀,이마트,대형마트,-0.8,0.0,0.0,,0.750,-1.0,0.0,0.0,0.0,,,2.500,3.250,1.9,0.0,7.2,,2.500,1.0,0.0,0.0,4.0,,,2.500,5.000,0.0,0.0,1.5,,2.500,0.0,0.0,0.0,1.0,,,2.500,5.000,0.0,0.0,0.0,,0.750,0.0,0.0,0.0,0.0,,,2.500,3.250,1.0,0.0,8.7,,0.0,0.0,5.0,,6.500,10.000,16.500
(신)이마트 성남점,대형마트담당 이마트 하위리그,혼매강남팀,이마트,대형마트,0.0,0.0,0.0,,0.750,0.0,0.0,0.0,0.0,,,2.500,3.250,0.0,0.0,0.0,,0.750,0.0,0.0,0.0,0.0,,,2.500,3.250,0.7,0.7,3.6,413.8%,2.500,1.0,1.0,0.0,2.0,100.0%,,2.500,5.000,0.9,0.9,0.0,-100.0%,0.750,1.0,1.0,0.0,0.0,-100.0%,,2.500,3.250,1.6,1.6,3.6,123.1%,2.0,2.0,2.0,0.0%,4.750,10.000,14.750
(신)이마트 하남점,대형마트담당 이마트 하위리그,혼매강남팀,이마트,대형마트,-0.8,-0.8,0.0,-100.0%,0.750,-1.0,-1.0,0.0,0.0,-100.0%,,2.500,3.250,4.8,3.2,2.3,-28.6%,0.750,3.0,2.0,0.0,1.0,-50.0%,,2.500,3.250,1.6,1.6,0.0,-100.0%,0.750,1.0,1.0,0.0,0.0,-100.0%,,2.500,3.250,-0.9,-0.9,1.0,-209.7%,2.500,-1.0,-1.0,0.0,1.0,-200.0%,,2.500,5.000,4.7,3.1,3.3,7.6%,2.0,1.0,2.0,100.0%,4.750,10.000,14.750
신 홈플러스 분당오리점,대형마트담당 홈플러스,혼매강남팀,홈플러스,대형마트,0.0,0.0,0.0,,0.750,0.0,0.0,0.0,0.0,,,2.500,3.250,0.0,0.0,0.0,,0.750,1.0,0.0,0.0,0.0,,,2.500,3.250,0.0,0.0,0.0,,0.750,0.0,0.0,0.0,0.0,,,2.500,3.250,0.0,0.0,0.0,,0.750,0.0,0.0,0.0,0.0,,,2.500,3.250,0.0,0.0,0.0,,1.0,0.0,0.0,,3.000,10.000,13.000
(신)이마트 명일점,대형마트담당 이마트 하위리그,혼매강남팀,이마트,대형마트,0.8,0.8,0.0,-100.0%,0.750,1.0,1.0,0.0,0.0,-100.0%,,2.500,3.250,1.8,1.8,2.9,62.7%,2.500,1.0,1.0,0.0,2.0,100.0%,,2.500,5.000,0.0,0.0,0.0,,0.750,0.0,0.0,0.0,0.0,,,2.500,3.250,0.0,0.0,0.0,,0.750,0.0,0.0,0.0,0.0,,,2.500,3.250,2.6,2.6,2.9,10.9%,2.0,2.0,2.0,0.0%,4.750,10.000,14.750
(신)이마트 양재점,대형마트담당 이마트 상위리그,혼매강남팀,이마트,대형마트,0.0,0.0,-0.9,,0.750,0.0,0.0,0.0,-1.0,,,2.500,3.250,1.8,0.0,0.0,,0.750,1.0,0.0,0.0,0.0,,,2.500,3.250,2.3,1.6,0.0,-98.4%,0.750,2.0,1.0,0.0,0.0,-100.0%,,2.500,3.250,0.0,0.0,0.0,,0.750,0.0,0.0,0.0,0.0,,,2.500,3.250,4.1,1.6,-0.8,-152.9%,3.0,1.0,-1.0,-200.0%,3.000,10.000,13.000
이마트 E/T스타필드위례점,대형마트담당 이마트 상위리그,혼매강남팀,이마트,대형마트,0.0,0.0,0.0,,0.750,0.0,0.0,0.0,0.0,,,2.500,3.250,0.0,0.0,1.4,,2.500,0.0,0.0,0.0,1.0,,,2.500,5.000,0.1,0.1,0.0,-100.0%,0.750,0.0,0.0,0.0,0.0,,,2.500,3.250,0.9,0.9,0.0,-100.0%,0.750,1.0,1.0,0.0,0.0,-100.0%,,2.500,3.250,1.0,1.0,1.4,37.3%,1.0,1.0,1.0,0.0%,4.750,10.000,14.750
신 홈플러스 강동점,대형마트담당 홈플러스,혼매강남팀,홈플러스,대형마트,0.8,0.0,0.0,-100.0%,0.750,1.0,0.0,0.0,0.0,,,2.500,3.250,9.3,7.4,1.9,-74.4%,0.750,5.0,4.0,0.0,1.0,-75.0%,,2.500,3.250,1.5,1.5,1.5,3.5%,1.087,1.0,1.0,0.0,1.0,0.0%,,2.500,3.587,0.9,0.9,0.9,4.9%,1.122,1.0,1.0,0.0,1.0,0.0%,,2.500,3.622,12.5,9.8,4.3,-55.6%,8.0,6.0,3.0,-50.0%,3.709,10.000,13.709
신 홈플러스 잠실점,대형마트담당 홈플러스,혼매강남팀,홈플러스,대형마트,0.0,0.0,0.0,,0.750,0.0,0.0,0.0,0.0,,,2.500,3.250,0.0,0.0,0.0,,0.750,0.0,0.0,0.0,0.0,,,2.500,3.250,0.0,0.0,0.0,,0.750,0.0,0.0,0.0,0.0,,,2.500,3.250,0.0,0.0,0.0,,0.750,0.0,0.0,0.0,0.0,,,2.500,3.250,0.0,0.0,0.0,,0.0,0.0,0.0,,3.000,10.000,13.000
(신)이마트 천호점,대형마트담당 이마트 하위리그,혼매강남팀,이마트,대형마트,0.0,0.0,0.0,,0.750,0.0,0.0,0.0,0.0,,,2.500,3.250,5.0,5.0,0.0,-100.0%,0.750,3.0,3.0,0.0,0.0,-100.0%,,2.500,3.250,0.0,0.0,0.0,,0.750,0.0,0.0,0.0,0.0,,,2.500,3.250,0.9,0.9,0.0,-100.0%,0.750,1.0,1.0,0.0,0.0,-100.0%,,2.500,3.250,5.9,5.9,0.0,-100.0%,4.0,4.0,0.0,-100.0%,3.000,10.000,13.000
(신)이마트 평촌점,대형마트담당 이마트 상위리그,혼매강남팀,이마트,대형마트,0.0,0.0,0.0,,0.750,0.0,0.0,0.0,0.0,,,2.500,3.250,0.0,0.0,2.3,,2.500,0.0,0.0,0.0,1.0,,,2.500,5.000,1.6,1.6,0.0,-100.0%,0.750,1.0,1.0,0.0,0.0,-100.0%,,2.500,3.250,0.9,0.0,1.0,,2.500,1.0,0.0,0.0,1.0,,,2.500,5.000,2.5,1.6,3.3,103.9%,2.0,1.0,2.0,100.0%,6.500,10.000,16.500
이마트 E/T군포점,대형마트담당 이마트 상위리그,혼매강남팀,이마트,대형마트,0.0,0.0,0.0,,0.750,0.0,0.0,0.0,0.0,,,2.500,3.250,5.4,1.8,1.9,4.4%,1.110,3.0,1.0,0.0,1.0,0.0%,,2.500,3.610,0.0,0.0,0.0,,0.750,0.0,0.0,0.0,0.0,,,2.500,3.250,2.0,0.0,0.9,,2.500,2.0,0.0,0.0,1.0,,,2.500,5.000,7.4,1.8,2.8,56.7%,5.0,1.0,2.0,100.0%,5.110,10.000,15.110
신 홈플러스 서울남현점,대형마트담당 홈플러스,혼매강남팀,홈플러스,대형마트,1.6,1.7,0.0,-100.0%,0.750,2.0,2.0,0.0,0.0,-100.0%,,2.500,3.250,3.8,3.8,2.3,-39.0%,0.750,3.0,3.0,0.0,1.0,-66.7%,,2.500,3.250,3.1,3.1,1.6,-48.0%,0.750,2.0,2.0,0.0,1.0,-50.0%,,2.500,3.250,1.9,1.9,0.0,-100.0%,0.750,2.0,2.0,0.0,0.0,-100.0%,,2.500,3.250,10.4,10.4,3.9,-62.5%,9.0,9.0,2.0,-77.8%,3.000,10.000,13.000
신 홈플러스 평촌점,대형마트담당 홈플러스,혼매강남팀,홈플러스,대형마트,1.6,1.7,0.0,-100.0%,0.750,2.0,2.0,0.0,0.0,-100.0%,,2.500,3.250,7.3,5.5,3.7,-32.8%,0.750,4.0,3.0,0.0,2.0,-33.3%,,2.500,3.250,0.0,0.0,0.0,,0.750,0.0,0.0,0.0,0.0,,,2.500,3.250,2.7,1.8,1.0,-43.4%,0.750,3.0,2.0,0.0,1.0,-50.0%,,2.500,3.250,11.6,9.0,4.7,-47.5%,9.0,7.0,3.0,-57.1%,3.000,10.000,13.000
(신)이마트 가든5점,대형마트담당 이마트 하위리그,혼매강남팀,이마트,대형마트,0.0,0.0,0.0,,0.750,0.0,0.0,0.0,0.0,,,2.500,3.250,3.5,1.8,0.0,-100.0%,0.750,2.0,1.0,0.0,0.0,-100.0%,,2.500,3.250,2.9,2.9,0.0,-100.0%,0.750,2.0,2.0,0.0,0.0,-100.0%,,2.500,3.250,1.9,0.0,1.1,,2.500,2.0,0.0,0.0,1.0,,,2.500,5.000,8.3,4.7,1.1,-76.0%,6.0,3.0,1.0,-66.7%,4.750,10.000,14.750
(신)이마트 경기광주점,대형마트담당 이마트 하위리그,혼매강남팀,이마트,대형마트,0.2,0.0,0.0,,0.750,0.0,0.0,0.0,0.0,,,2.500,3.250,1.9,1.9,0.0,-100.0%,0.750,1.0,1.0,0.0,0.0,-100.0%,,2.500,3.250,1.5,0.0,1.5,,2.500,1.0,0.0,0.0,1.0,,,2.500,5.000,1.8,0.9,1.1,25.0%,1.625,2.0,1.0,0.0,1.0,0.0%,,2.500,4.125,5.3,2.8,2.6,-4.4%,4.0,2.0,2.0,0.0%,5.625,10.000,15.625
(신)이마트 산본점,대형마트담당 이마트 상위리그,혼매강남팀,이마트,대형마트,0.0,0.0,0.0,,0.750,0.0,0.0,0.0,0.0,,,2.500,3.250,5.4,1.8,0.0,-100.0%,0.750,3.0,1.0,0.0,0.0,-100.0%,,2.500,3.250,1.6,1.6,1.9,22.6%,1.565,1.0,1.0,0.0,1.0,0.0%,,2.500,4.065,1.0,0.0,0.9,,2.500,1.0,0.0,0.0,1.0,,,2.500,5.000,7.9,3.4,2.9,-14.8%,5.0,2.0,2.0,0.0%,5.565,10.000,15.565
(신)이마트 스타필드하남점,대형마트담당 이마트 상위리그,혼매강남팀,이마트,대형마트,0.8,0.0,3.6,,2.500,1.0,0.0,0.0,2.0,,,2.500,5.000,7.1,3.5,5.4,52.5%,2.313,4.0,2.0,0.0,3.0,50.0%,,2.500,4.813,8.4,6.2,1.5,-74.9%,0.750,6.0,4.0,0.0,1.0,-75.0%,,2.500,3.250,3.8,0.0,1.1,,2.500,4.0,0.0,0.0,1.0,,,2.500,5.000,20.0,9.7,11.6,20.0%,15.0,6.0,7.0,16.7%,8.063,10.000,18.063
신 홈플러스 경기하남점,대형마트담당 홈플러스,혼매강남팀,홈플러스,대형마트,0.0,0.0,0.0,,0.750,0.0,0.0,0.0,0.0,,,2.500,3.250,0.0,0.0,0.0,,0.750,0.0,0.0,0.0,0.0,,,2.500,3.250,0.0,0.0,0.0,,0.750,0.0,0.0,0.0,0.0,,,2.500,3.250,0.0,0.0,0.0,,0.750,0.0,0.0,0.0,0.0,,,2.500,3.250,0.0,0.0,0.0,,0.0,0.0,0.0,,3.000,10.000,13.000
(신)이마트 E/T안산신길점,대형마트담당 이마트 상위리그,혼매경기팀,이마트,대형마트,0.8,0.8,0.0,-100.0%,0.750,1.0,1.0,0.0,0.0,-100.0%,,2.500,3.250,6.0,1.8,9.7,442.4%,2.500,4.0,1.0,0.0,6.0,500.0%,,2.500,5.000,3.1,1.6,1.7,6.2%,1.154,2.0,1.0,0.0,1.0,0.0%,,2.500,3.654,0.0,0.0,0.0,,0.750,0.0,0.0,0.0,0.0,,,2.500,3.250,9.9,4.2,11.4,171.0%,7.0,3.0,7.0,133.3%,5.154,10.000,15.154
(신)이마트 고잔점,대형마트담당 이마트 상위리그,혼매경기팀,이마트,대형마트,0.0,0.0,0.0,,0.750,0.0,0.0,0.0,0.0,,,2.500,3.250,1.8,0.0,5.1,,2.500,1.0,0.0,0.0,3.0,,,2.500,5.000,0.0,0.0,1.5,,2.500,0.0,0.0,0.0,1.0,,,2.500,5.000,0.9,0.0,2.1,,2.500,1.0,0.0,0.0,2.0,,,2.500,5.000,2.7,0.0,8.7,,2.0,0.0,6.0,,8.250,10.000,18.250
(신)이마트 화성봉담점,대형마트담당 이마트 상위리그,혼매경기팀,이마트,대형마트,2.3,0.7,0.0,-100.0%,0.750,3.0,1.0,0.0,0.0,-100.0%,,2.500,3.250,0.0,0.0,0.0,,0.750,0.0,0.0,0.0,0.0,,,2.500,3.250,0.8,0.0,1.9,,2.500,1.0,0.0,0.0,1.0,,,2.500,5.000,1.0,0.0,2.0,,2.500,1.0,0.0,0.0,2.0,,,2.500,5.000,4.1,0.7,3.9,489.1%,5.0,1.0,3.0,200.0%,6.500,10.000,16.500
E/T화서점,대형마트담당 이마트 상위리그,혼매경기팀,이마트,대형마트,1.6,0.8,0.0,-100.0%,0.750,2.0,1.0,0.0,0.0,-100.0%,,2.500,3.250,0.0,0.0,1.6,,2.500,0.0,0.0,0.0,1.0,,,2.500,5.000,1.6,3.1,-1.3,-142.7%,0.750,1.0,2.0,0.0,-1.0,-150.0%,,2.500,3.250,0.0,0.0,2.3,,2.500,0.0,0.0,0.0,2.0,,,2.500,5.000,3.2,4.0,2.5,-36.2%,3.0,3.0,2.0,-33.3%,6.500,10.000,16.500
(신)이마트 동탄점,대형마트담당 이마트 상위리그,혼매경기팀,이마트,대형마트,1.5,0.7,0.0,-100.0%,0.750,2.0,1.0,0.0,0.0,-100.0%,,2.500,3.250,5.0,3.2,1.7,-46.1%,0.750,3.0,2.0,0.0,1.0,-50.0%,,2.500,3.250,1.5,1.5,1.5,3.0%,1.075,1.0,1.0,0.0,1.0,0.0%,,2.500,3.575,0.9,0.9,1.0,9.7%,1.242,1.0,1.0,0.0,1.0,0.0%,,2.500,3.742,8.9,6.3,4.3,-32.1%,7.0,5.0,3.0,-40.0%,3.817,10.000,13.817
(신)이마트 오산점,대형마트담당 이마트 하위리그,혼매경기팀,이마트,대형마트,0.8,0.8,0.0,-100.0%,0.750,1.0,1.0,0.0,0.0,-100.0%,,2.500,3.250,1.6,0.0,3.4,,2.500,1.0,0.0,0.0,2.0,,,2.500,5.000,0.0,0.0,1.7,,2.500,0.0,0.0,0.0,1.0,,,2.500,5.000,1.9,0.0,0.0,,0.750,2.0,0.0,0.0,0.0,,,2.500,3.250,4.3,0.8,5.1,505.6%,4.0,1.0,3.0,200.0%,6.500,10.000,16.500
(신)이마트 평택점,대형마트담당 이마트 하위리그,혼매경기팀,이마트,대형마트,0.0,0.0,0.0,,0.750,0.0,0.0,0.0,0.0,,,2.500,3.250,1.8,0.0,2.3,,2.500,1.0,0.0,0.0,1.0,,,2.500,5.000,0.8,0.8,0.9,11.9%,1.298,1.0,1.0,0.0,1.0,0.0%,,2.500,3.798,0.9,0.9,0.0,-100.0%,0.750,1.0,1.0,0.0,0.0,-100.0%,,2.500,3.250,3.4,1.7,3.2,89.4%,3.0,2.0,2.0,0.0%,5.298,10.000,15.298
일렉트로마트STF안성,대형마트담당 이마트 상위리그,혼매경기팀,이마트,대형마트,1.6,1.7,0.0,-100.0%,0.750,2.0,2.0,0.0,0.0,-100.0%,,2.500,3.250,3.9,0.0,0.0,,0.750,2.0,0.0,0.0,0.0,,,2.500,3.250,1.5,0.0,0.0,,0.750,1.0,0.0,0.0,0.0,,,2.500,3.250,0.0,0.0,0.0,,0.750,0.0,0.0,0.0,0.0,,,2.500,3.250,7.0,1.7,0.0,-100.0%,5.0,2.0,0.0,-100.0%,3.000,10.000,13.000
신 홈플러스 오산점,대형마트담당 홈플러스,혼매경기팀,홈플러스,대형마트,0.0,0.0,0.0,,0.750,0.0,0.0,0.0,0.0,,,2.500,3.250,4.1,8.3,1.9,-77.2%,0.750,2.0,2.0,0.0,1.0,-50.0%,,2.500,3.250,0.0,0.0,0.0,,0.750,0.0,0.0,0.0,0.0,,,2.500,3.250,1.0,0.0,0.9,,2.500,1.0,0.0,0.0,1.0,,,2.500,5.000,5.1,8.3,2.8,-66.1%,3.0,2.0,2.0,0.0%,4.750,10.000,14.750
(신)이마트 E/T수원점,대형마트담당 이마트 상위리그,혼매경기팀,이마트,대형마트,0.8,0.0,0.0,,0.750,1.0,0.0,0.0,0.0,,,2.500,3.250,1.8,0.0,1.9,,2.500,1.0,0.0,0.0,1.0,,,2.500,5.000,1.6,1.6,6.2,292.5%,2.500,1.0,1.0,0.0,4.0,300.0%,,2.500,5.000,0.0,0.0,0.9,,2.500,0.0,0.0,0.0,1.0,,,2.500,5.000,4.2,1.6,9.0,470.6%,3.0,1.0,6.0,500.0%,8.250,10.000,18.250
(신)이마트 수원점,대형마트담당 이마트 상위리그,혼매경기팀,이마트,대형마트,2.1,1.5,0.0,-100.0%,0.750,3.0,2.0,0.0,0.0,-100.0%,,2.500,3.250,1.8,1.8,0.0,-100.0%,0.750,1.0,1.0,0.0,0.0,-100.0%,,2.500,3.250,1.6,1.6,0.0,-100.0%,0.750,1.0,1.0,0.0,0.0,-100.0%,,2.500,3.250,1.9,0.9,1.1,25.0%,1.625,2.0,1.0,0.0,1.0,0.0%,,2.500,4.125,7.4,5.7,1.1,-80.4%,7.0,5.0,1.0,-80.0%,3.875,10.000,13.875
(신)이마트 흥덕점,대형마트담당 이마트 하위리그,혼매경기팀,이마트,대형마트,0.8,0.8,0.0,-100.0%,0.750,1.0,1.0,0.0,0.0,-100.0%,,2.500,3.250,0.0,0.0,2.3,,2.500,0.0,0.0,0.0,1.0,,,2.500,5.000,0.0,0.0,0.0,,0.750,0.0,0.0,0.0,0.0,,,2.500,3.250,0.0,0.0,0.0,,0.750,0.0,0.0,0.0,0.0,,,2.500,3.250,0.8,0.8,2.3,175.5%,1.0,1.0,1.0,0.0%,4.750,10.000,14.750
E/T동탄점,대형마트담당 이마트 하위리그,혼매경기팀,이마트,대형마트,1.1,1.1,0.0,-100.0%,0.750,1.0,1.0,0.0,0.0,-100.0%,,2.500,3.250,10.7,3.6,1.9,-47.8%,0.750,6.0,2.0,0.0,1.0,-50.0%,,2.500,3.250,1.6,0.0,0.0,,0.750,1.0,0.0,0.0,0.0,,,2.500,3.250,0.0,0.0,4.5,,2.500,0.0,0.0,0.0,4.0,,,2.500,5.000,13.3,4.7,6.4,36.1%,8.0,3.0,5.0,66.7%,4.750,10.000,14.750
신 홈플러스 화성향남점,대형마트담당 홈플러스,혼매경기팀,홈플러스,대형마트,0.0,0.0,0.0,,0.750,0.0,0.0,0.0,0.0,,,2.500,3.250,1.9,0.0,0.0,,0.750,1.0,0.0,0.0,0.0,,,2.500,3.250,1.5,0.0,0.0,,0.750,1.0,0.0,0.0,0.0,,,2.500,3.250,0.0,0.0,0.0,,0.750,0.0,0.0,0.0,0.0,,,2.500,3.250,3.4,0.0,0.0,,2.0,0.0,0.0,,3.000,10.000,13.000
(신)이마트 안성점,대형마트담당 이마트 하위리그,혼매경기팀,이마트,대형마트,3.1,2.3,1.8,-23.3%,0.750,4.0,3.0,0.0,1.0,-66.7%,,2.500,3.250,1.3,1.3,0.0,-100.0%,0.750,1.0,1.0,0.0,0.0,-100.0%,,2.500,3.250,1.5,1.5,1.9,27.1%,1.677,1.0,1.0,0.0,1.0,0.0%,,2.500,4.177,0.0,0.0,0.0,,0.750,0.0,0.0,0.0,0.0,,,2.500,3.250,5.9,5.2,3.7,-28.4%,6.0,5.0,2.0,-60.0%,3.927,10.000,13.927
E/T스타필드안성점,대형마트담당 이마트 상위리그,혼매경기팀,이마트,대형마트,0.0,0.0,0.0,,0.750,0.0,0.0,0.0,0.0,,,2.500,3.250,26.5,8.8,0.0,-100.0%,0.750,15.0,5.0,0.0,0.0,-100.0%,,2.500,3.250,7.9,0.0,3.2,,2.500,5.0,0.0,0.0,2.0,,,2.500,5.000,29.0,0.0,2.3,,2.500,30.0,0.0,0.0,2.0,,,2.500,5.000,63.4,8.8,5.4,-38.5%,50.0,5.0,4.0,-20.0%,6.500,10.000,16.500
(신)홈플러스 평택안중점,대형마트담당 홈플러스,혼매경기팀,홈플러스,대형마트,0.0,0.0,0.0,,0.750,0.0,0.0,0.0,0.0,,,2.500,3.250,0.0,0.0,5.5,,2.500,0.0,0.0,0.0,3.0,,,2.500,5.000,2.9,2.9,1.6,-44.2%,0.750,2.0,2.0,0.0,1.0,-50.0%,,2.500,3.250,0.0,0.0,0.0,,0.750,0.0,0.0,0.0,0.0,,,2.500,3.250,2.9,2.9,7.2,144.0%,2.0,2.0,4.0,100.0%,4.750,10.000,14.750
신 홈플러스 송탄점,대형마트담당 홈플러스,혼매경기팀,홈플러스,대형마트,0.0,0.0,0.0,,0.750,0.0,0.0,0.0,0.0,,,2.500,3.250,0.0,0.0,0.0,,0.750,0.0,0.0,0.0,0.0,,,2.500,3.250,0.0,0.0,0.0,,0.750,0.0,0.0,0.0,0.0,,,2.500,3.250,0.0,0.0,0.0,,0.750,0.0,0.0,0.0,0.0,,,2.500,3.250,0.0,0.0,0.0,,0.0,0.0,0.0,,3.000,10.000,13.000
(신)이마트 E/T구성점,대형마트담당 이마트 상위리그,혼매경기팀,이마트,대형마트,0.0,0.0,0.0,,0.750,0.0,0.0,0.0,0.0,,,2.500,3.250,1.8,1.8,1.1,-40.8%,0.750,1.0,1.0,0.0,1.0,0.0%,,2.500,3.250,1.5,1.5,0.0,-100.0%,0.750,1.0,1.0,0.0,0.0,-100.0%,,2.500,3.250,0.0,0.0,1.1,,2.500,0.0,0.0,0.0,1.0,,,2.500,5.000,3.3,3.3,2.2,-33.6%,2.0,2.0,2.0,0.0%,4.750,10.000,14.750
(신)이마트 수지점,대형마트담당 이마트 하위리그,혼매경기팀,이마트,대형마트,0.0,0.0,0.0,,0.750,0.0,0.0,0.0,0.0,,,2.500,3.250,0.0,0.0,0.0,,0.750,0.0,0.0,0.0,0.0,,,2.500,3.250,1.6,0.0,0.0,,0.750,1.0,0.0,0.0,0.0,,,2.500,3.250,0.0,0.0,0.0,,0.750,0.0,0.0,0.0,0.0,,,2.500,3.250,1.6,0.0,0.0,,1.0,0.0,0.0,,3.000,10.000,13.000
(신)이마트 용인점,대형마트담당 이마트 하위리그,혼매경기팀,이마트,대형마트,0.0,0.0,0.0,,0.750,0.0,0.0,0.0,0.0,,,2.500,3.250,0.0,0.0,0.0,,0.750,0.0,0.0,0.0,0.0,,,2.500,3.250,0.0,0.0,0.0,,0.750,0.0,0.0,0.0,0.0,,,2.500,3.250,0.0,0.0,0.0,,0.750,0.0,0.0,0.0,0.0,,,2.500,3.250,0.0,0.0,0.0,,0.0,0.0,0.0,,3.000,10.000,13.000
(신)이마트 죽전점,대형마트담당 이마트 상위리그,혼매경기팀,이마트,대형마트,0.8,0.8,1.7,105.6%,2.500,1.0,1.0,0.0,2.0,100.0%,,2.500,5.000,3.7,7.2,0.9,-86.8%,0.750,2.0,4.0,0.0,0.0,-100.0%,,2.500,3.250,6.2,3.0,7.9,161.6%,2.500,4.0,2.0,0.0,5.0,150.0%,,2.500,5.000,3.8,2.8,2.1,-25.4%,0.750,4.0,3.0,0.0,2.0,-33.3%,,2.500,3.250,14.5,13.8,12.7,-8.5%,11.0,10.0,9.0,-10.0%,6.500,10.000,16.500
(신)이마트 광교점,대형마트담당 이마트 하위리그,혼매경기팀,이마트,대형마트,0.0,0.0,0.0,,0.750,0.0,0.0,0.0,0.0,,,2.500,3.250,1.4,0.0,1.4,-5548.8%,2.500,1.0,0.0,0.0,1.0,,,2.500,5.000,1.6,2.9,0.0,-100.0%,0.750,1.0,2.0,0.0,0.0,-100.0%,,2.500,3.250,0.0,0.0,0.0,,0.750,0.0,0.0,0.0,0.0,,,2.500,3.250,3.0,2.9,1.4,-52.4%,2.0,2.0,1.0,-50.0%,4.750,10.000,14.750
(신)이마트 동백점,대형마트담당 이마트 하위리그,혼매경기팀,이마트,대형마트,0.0,0.0,0.0,,0.750,0.0,0.0,0.0,0.0,,,2.500,3.250,0.0,0.0,0.0,,0.750,0.0,0.0,0.0,0.0,,,2.500,3.250,1.6,1.6,0.0,-100.0%,0.750,1.0,1.0,0.0,0.0,-100.0%,,2.500,3.250,-0.9,-0.9,0.0,-100.0%,0.750,-1.0,-1.0,0.0,0.0,-100.0%,,2.500,3.250,0.7,0.7,0.0,-100.0%,0.0,0.0,0.0,,3.000,10.000,13.000
(신)이마트 보라점,대형마트담당 이마트 하위리그,혼매경기팀,이마트,대형마트,0.0,0.0,0.0,,0.750,0.0,0.0,0.0,0.0,,,2.500,3.250,0.0,0.0,0.0,,0.750,0.0,0.0,0.0,0.0,,,2.500,3.250,0.0,0.0,0.0,,0.750,0.0,0.0,0.0,0.0,,,2.500,3.250,0.9,0.9,0.0,-100.0%,0.750,1.0,1.0,0.0,0.0,-100.0%,,2.500,3.250,0.9,0.9,0.0,-100.0%,1.0,1.0,0.0,-100.0%,3.000,10.000,13.000
(신)이마트 서수원점,대형마트담당 이마트 하위리그,혼매경기팀,이마트,대형마트,1.1,0.0,0.0,,0.750,1.0,0.0,0.0,0.0,,,2.500,3.250,0.0,0.0,0.0,,0.750,0.0,0.0,0.0,0.0,,,2.500,3.250,0.0,0.0,0.0,,0.750,0.0,0.0,0.0,0.0,,,2.500,3.250,0.9,0.9,0.0,-100.0%,0.750,1.0,1.0,0.0,0.0,-100.0%,,2.500,3.250,2.0,0.9,0.0,-100.0%,2.0,1.0,0.0,-100.0%,3.000,10.000,13.000
일렉트로마트 STF화서,대형마트담당 이마트 하위리그,혼매경기팀,이마트,대형마트,0.7,0.7,3.8,466.5%,2.500,1.0,1.0,0.0,2.0,100.0%,,2.500,5.000,1.1,1.8,3.2,81.8%,2.500,1.0,1.0,0.0,2.0,100.0%,,2.500,5.000,1.6,1.6,7.1,351.5%,2.500,1.0,1.0,0.0,4.0,300.0%,,2.500,5.000,1.8,1.8,4.2,134.7%,2.500,2.0,2.0,0.0,4.0,100.0%,,2.500,5.000,5.1,5.8,18.3,215.4%,5.0,5.0,12.0,140.0%,10.000,10.000,20.000
신 홈플러스 서수원점,대형마트담당 홈플러스,혼매경기팀,홈플러스,대형마트,0.6,0.6,0.0,-100.0%,0.750,1.0,1.0,0.0,0.0,-100.0%,,2.500,3.250,4.2,2.7,0.0,-100.0%,0.750,3.0,2.0,0.0,0.0,-100.0%,,2.500,3.250,0.0,0.0,1.6,,2.500,0.0,0.0,0.0,1.0,,,2.500,5.000,0.0,0.0,0.0,,0.750,0.0,0.0,0.0,0.0,,,2.500,3.250,4.8,3.3,1.6,-50.4%,4.0,3.0,1.0,-66.7%,4.750,10.000,14.750
신 홈플러스 경산점,경북대형마트담당 홈플러스,혼매경북팀,홈플러스,대형마트,1.6,1.7,0.0,-100.0%,0.750,2.0,2.0,0.0,0.0,-100.0%,,2.500,3.250,1.9,1.9,0.0,-100.0%,0.750,1.0,1.0,0.0,0.0,-100.0%,,2.500,3.250,0.0,0.0,0.0,,0.750,0.0,0.0,0.0,0.0,,,2.500,3.250,0.9,0.9,1.1,28.5%,1.713,1.0,1.0,0.0,1.0,0.0%,,2.500,4.213,4.4,4.4,1.1,-74.6%,4.0,4.0,1.0,-75.0%,3.963,10.000,13.963
신 홈플러스 대구수성점,경북대형마트담당 홈플러스,혼매경북팀,홈플러스,대형마트,0.8,0.8,0.0,-100.0%,0.750,1.0,1.0,0.0,0.0,-100.0%,,2.500,3.250,1.7,1.7,0.0,-100.0%,0.750,1.0,1.0,0.0,0.0,-100.0%,,2.500,3.250,3.4,0.0,0.0,,0.750,2.0,0.0,0.0,0.0,,,2.500,3.250,1.9,1.3,1.1,-11.5%,0.750,2.0,2.0,0.0,1.0,-50.0%,,2.500,3.250,7.8,3.9,1.1,-70.8%,6.0,4.0,1.0,-75.0%,3.000,10.000,13.000
신 홈플러스 상인점,경북대형마트담당 홈플러스,혼매경북팀,홈플러스,대형마트,0.6,0.6,1.8,189.1%,2.500,1.0,1.0,0.0,1.0,0.0%,,2.500,5.000,5.7,3.8,0.0,-100.0%,0.750,3.0,2.0,0.0,0.0,-100.0%,,2.500,3.250,1.5,1.5,0.0,-100.0%,0.750,1.0,1.0,0.0,0.0,-100.0%,,2.500,3.250,0.0,0.0,0.0,,0.750,0.0,0.0,0.0,0.0,,,2.500,3.250,7.8,5.9,1.8,-69.5%,5.0,4.0,1.0,-75.0%,4.750,10.000,14.750
신 홈플러스 죽도점,경북대형마트담당 홈플러스,혼매경북팀,홈플러스,대형마트,0.0,0.0,0.0,,0.750,0.0,0.0,0.0,0.0,,,2.500,3.250,0.0,0.0,0.0,,0.750,0.0,0.0,0.0,0.0,,,2.500,3.250,0.0,0.0,0.0,,0.750,0.0,0.0,0.0,0.0,,,2.500,3.250,0.0,0.0,0.9,,2.500,0.0,0.0,0.0,1.0,,,2.500,5.000,0.0,0.0,0.9,,0.0,0.0,1.0,,4.750,10.000,14.750
신 홈플러스 포항점,경북대형마트담당 홈플러스,혼매경북팀,홈플러스,대형마트,0.0,0.0,0.0,,0.750,0.0,0.0,0.0,0.0,,,2.500,3.250,0.0,0.0,0.0,,0.750,0.0,0.0,0.0,0.0,,,2.500,3.250,0.0,0.0,0.0,,0.750,0.0,0.0,0.0,0.0,,,2.500,3.250,0.0,0.0,1.2,,2.500,0.0,0.0,0.0,1.0,,,2.500,5.000,0.0,0.0,1.2,,0.0,0.0,1.0,,4.750,10.000,14.750
(신)이마트 김천점,경북대형마트담당 이마트,혼매경북팀,이마트,대형마트,0.0,0.0,0.0,,0.750,0.0,0.0,0.0,0.0,,,2.500,3.250,3.0,0.0,0.0,,0.750,2.0,0.0,0.0,0.0,,,2.500,3.250,1.5,1.5,1.7,10.3%,1.258,1.0,1.0,0.0,1.0,0.0%,,2.500,3.758,0.9,0.9,1.1,25.0%,1.625,1.0,1.0,0.0,1.0,0.0%,,2.500,4.125,5.4,2.4,2.8,15.8%,4.0,2.0,2.0,0.0%,4.383,10.000,14.383
(신)이마트 동구미점,경북대형마트담당 이마트,혼매경북팀,이마트,대형마트,0.0,0.0,0.0,,0.750,0.0,0.0,0.0,0.0,,,2.500,3.250,1.8,0.0,0.0,,0.750,1.0,0.0,0.0,0.0,,,2.500,3.250,1.3,1.3,1.5,19.5%,1.488,1.0,1.0,0.0,1.0,0.0%,,2.500,3.988,2.7,1.8,2.1,17.4%,1.434,3.0,2.0,0.0,2.0,0.0%,,2.500,3.934,5.8,3.1,3.7,18.3%,5.0,3.0,3.0,0.0%,4.422,10.000,14.422
(신)이마트 상주점,경북대형마트담당 이마트,혼매경북팀,이마트,대형마트,0.0,0.0,0.0,,0.750,0.0,0.0,0.0,0.0,,,2.500,3.250,0.0,0.0,1.4,,2.500,0.0,0.0,0.0,1.0,,,2.500,5.000,0.0,0.0,0.0,,0.750,0.0,0.0,0.0,0.0,,,2.500,3.250,0.0,0.0,0.0,,0.750,0.0,0.0,0.0,0.0,,,2.500,3.250,0.0,0.0,1.4,,0.0,0.0,1.0,,4.750,10.000,14.750
(신)이마트 성서점,경북대형마트담당 이마트,혼매경북팀,이마트,대형마트,0.0,0.0,0.0,,0.750,0.0,0.0,0.0,0.0,,,2.500,3.250,0.0,0.0,5.0,,2.500,0.0,0.0,0.0,3.0,,,2.500,5.000,0.0,0.0,0.0,,0.750,0.0,0.0,0.0,0.0,,,2.500,3.250,0.0,0.0,1.0,,2.500,0.0,0.0,0.0,1.0,,,2.500,5.000,0.0,0.0,6.0,,0.0,0.0,4.0,,6.500,10.000,16.500
(신)이마트 E/T비산점,경북대형마트담당 이마트,혼매경북팀,이마트,대형마트,0.8,0.0,0.0,,0.750,1.0,0.0,0.0,0.0,,,2.500,3.250,5.4,1.8,3.7,108.5%,2.500,3.0,1.0,0.0,2.0,100.0%,,2.500,5.000,0.7,0.0,3.2,,2.500,1.0,0.0,0.0,2.0,,,2.500,5.000,0.0,0.0,1.1,,2.500,0.0,0.0,0.0,1.0,,,2.500,5.000,6.9,1.8,8.0,345.4%,5.0,1.0,5.0,400.0%,8.250,10.000,18.250
(신)이마트 만촌점,경북대형마트담당 이마트,혼매경북팀,이마트,대형마트,1.4,1.4,0.0,-100.0%,0.750,2.0,2.0,0.0,0.0,-100.0%,,2.500,3.250,7.1,5.3,6.7,25.1%,1.628,4.0,3.0,0.0,4.0,33.3%,,2.500,4.128,4.9,4.9,4.9,0.1%,1.003,3.0,3.0,0.0,3.0,0.0%,,2.500,3.503,1.8,0.9,1.0,9.7%,1.242,2.0,1.0,0.0,1.0,0.0%,,2.500,3.742,15.1,12.5,12.5,0.3%,11.0,9.0,8.0,-11.1%,4.623,10.000,14.623
(신)이마트 반야월점,경북대형마트담당 이마트,혼매경북팀,이마트,대형마트,0.0,0.0,0.0,,0.750,0.0,0.0,0.0,0.0,,,2.500,3.250,1.6,1.6,0.0,-100.0%,0.750,1.0,1.0,0.0,0.0,-100.0%,,2.500,3.250,0.0,0.0,1.5,,2.500,0.0,0.0,0.0,1.0,,,2.500,5.000,0.0,0.0,2.1,,2.500,0.0,0.0,0.0,2.0,,,2.500,5.000,1.6,1.6,3.6,125.6%,1.0,1.0,3.0,200.0%,6.500,10.000,16.500
(신)이마트 영천점,경북대형마트담당 이마트,혼매경북팀,이마트,대형마트,0.0,0.0,0.9,,2.500,0.0,0.0,0.0,1.0,,,2.500,5.000,1.8,0.0,1.9,,2.500,1.0,0.0,0.0,1.0,,,2.500,5.000,0.0,0.0,1.5,,2.500,0.0,0.0,0.0,1.0,,,2.500,5.000,0.0,0.0,0.0,,0.750,0.0,0.0,0.0,0.0,,,2.500,3.250,1.8,0.0,4.2,,1.0,0.0,3.0,,8.250,10.000,18.250
(신)이마트 포항점,경북대형마트담당 이마트,혼매경북팀,이마트,대형마트,0.8,0.8,0.0,-100.0%,0.750,1.0,1.0,0.0,0.0,-100.0%,,2.500,3.250,3.1,1.6,0.0,-100.0%,0.750,2.0,1.0,0.0,0.0,-100.0%,,2.500,3.250,0.0,0.0,0.0,,0.750,0.0,0.0,0.0,0.0,,,2.500,3.250,0.9,0.0,2.2,,2.500,1.0,0.0,0.0,2.0,,,2.500,5.000,4.8,2.4,2.2,-11.7%,4.0,2.0,2.0,0.0%,4.750,10.000,14.750
(신)이마트 경산점,경북대형마트담당 이마트,혼매경북팀,이마트,대형마트,0.0,0.0,1.8,,2.500,0.0,0.0,0.0,1.0,,,2.500,5.000,2.9,0.0,3.7,,2.500,2.0,0.0,0.0,2.0,,,2.500,5.000,0.0,0.0,0.0,,0.750,0.0,0.0,0.0,0.0,,,2.500,3.250,1.0,0.0,1.1,,2.500,1.0,0.0,0.0,1.0,,,2.500,5.000,3.9,0.0,6.6,,3.0,0.0,4.0,,8.250,10.000,18.250
(신)이마트 월배점,경북대형마트담당 이마트,혼매경북팀,이마트,대형마트,0.0,0.0,0.0,,0.750,0.0,0.0,0.0,0.0,,,2.500,3.250,0.0,0.0,5.1,,2.500,0.0,0.0,0.0,3.0,,,2.500,5.000,0.7,0.7,0.0,-100.0%,0.750,1.0,1.0,0.0,0.0,-100.0%,,2.500,3.250,4.5,0.9,3.4,275.0%,2.500,5.0,1.0,0.0,3.0,200.0%,,2.500,5.000,5.2,1.6,8.5,434.1%,6.0,2.0,6.0,200.0%,6.500,10.000,16.500
(신)이마트 이동점,경북대형마트담당 이마트,혼매경북팀,이마트,대형마트,-0.8,0.0,0.0,,0.750,-1.0,0.0,0.0,0.0,,,2.500,3.250,0.3,1.8,5.1,188.9%,2.500,0.0,1.0,0.0,3.0,200.0%,,2.500,5.000,-0.3,1.3,0.0,-100.0%,0.750,0.0,1.0,0.0,0.0,-100.0%,,2.500,3.250,0.0,0.0,1.1,,2.500,0.0,0.0,0.0,1.0,,,2.500,5.000,-0.8,3.1,6.2,103.5%,-1.0,2.0,4.0,100.0%,6.500,10.000,16.500
(신)이마트 칠성점,경북대형마트담당 이마트,혼매경북팀,이마트,대형마트,0.0,0.0,3.6,,2.500,0.0,0.0,0.0,2.0,,,2.500,5.000,5.3,1.8,0.0,-100.0%,0.750,3.0,1.0,0.0,0.0,-100.0%,,2.500,3.250,3.1,2.4,1.9,-21.6%,0.750,3.0,2.0,0.0,1.0,-50.0%,,2.500,3.250,0.9,0.0,1.0,,2.500,1.0,0.0,0.0,1.0,,,2.500,5.000,9.4,4.2,6.5,54.0%,7.0,3.0,4.0,33.3%,6.500,10.000,16.500
(신)이마트 구미점,경북대형마트담당 이마트,혼매경북팀,이마트,대형마트,0.8,0.0,0.0,,0.750,1.0,0.0,0.0,0.0,,,2.500,3.250,1.8,1.8,1.6,-7.5%,0.750,1.0,1.0,0.0,1.0,0.0%,,2.500,3.250,0.0,1.5,1.5,0.2%,1.005,0.0,1.0,0.0,1.0,0.0%,,2.500,3.505,2.8,1.8,0.0,-100.0%,0.750,3.0,2.0,0.0,0.0,-100.0%,,2.500,3.250,5.4,5.1,3.1,-38.1%,5.0,4.0,2.0,-50.0%,3.255,10.000,13.255
신 홈플러스 문경점,경북대형마트담당 홈플러스,혼매경북팀,홈플러스,대형마트,0.0,0.0,0.0,,0.750,0.0,0.0,0.0,0.0,,,2.500,3.250,0.0,0.0,0.0,,0.750,0.0,0.0,0.0,0.0,,,2.500,3.250,0.0,0.0,0.0,,0.750,0.0,0.0,0.0,0.0,,,2.500,3.250,0.0,0.0,0.0,,0.750,0.0,0.0,0.0,0.0,,,2.500,3.250,0.0,0.0,0.0,,0.0,0.0,0.0,,3.000,10.000,13.000
신 홈플러스 안동점,경북대형마트담당 홈플러스,혼매경북팀,홈플러스,대형마트,0.0,0.0,0.0,,0.750,0.0,0.0,0.0,0.0,,,2.500,3.250,5.1,5.1,0.0,-100.0%,0.750,3.0,3.0,0.0,0.0,-100.0%,,2.500,3.250,2.9,2.9,0.0,-100.0%,0.750,2.0,2.0,0.0,0.0,-100.0%,,2.500,3.250,0.0,0.0,0.9,,2.500,0.0,0.0,0.0,1.0,,,2.500,5.000,8.1,8.1,0.9,-88.6%,5.0,5.0,1.0,-80.0%,4.750,10.000,14.750
신 홈플러스 영주점,경북대형마트담당 홈플러스,혼매경북팀,홈플러스,대형마트,0.0,0.0,0.0,,0.750,0.0,0.0,0.0,0.0,,,2.500,3.250,1.7,1.7,0.0,-100.0%,0.750,1.0,1.0,0.0,0.0,-100.0%,,2.500,3.250,0.7,0.7,0.0,-100.0%,0.750,1.0,1.0,0.0,0.0,-100.0%,,2.500,3.250,0.0,0.0,0.0,,0.750,0.0,0.0,0.0,0.0,,,2.500,3.250,2.4,2.4,0.0,-100.0%,2.0,2.0,0.0,-100.0%,3.000,10.000,13.000
전자랜드 안양비산점,강남양판담당 전자랜드,혼매강남팀,전자랜드,양판,2.9,1.3,0.0,-100.0%,0.750,3.0,0.0,0.0,0.0,,,2.500,3.250,3.5,0.0,1.8,,2.500,2.0,0.0,0.0,1.0,,,2.500,5.000,2.8,0.0,3.2,,2.500,2.0,0.0,0.0,2.0,,,2.500,5.000,0.8,0.8,1.9,127.2%,2.500,1.0,1.0,0.0,2.0,100.0%,,2.500,5.000,10.0,2.2,7.0,223.3%,8.0,1.0,5.0,400.0%,8.250,10.000,18.250
전자랜드 가든파이브점,강남양판담당 전자랜드,혼매강남팀,전자랜드,양판,0.8,0.8,0.0,-100.0%,0.750,1.0,1.0,0.0,0.0,-100.0%,,2.500,3.250,1.7,0.0,0.0,,0.750,1.0,0.0,0.0,0.0,,,2.500,3.250,7.1,4.6,1.9,-57.7%,0.750,5.0,3.0,0.0,1.0,-66.7%,,2.500,3.250,2.5,0.8,1.1,33.8%,1.846,3.0,1.0,0.0,1.0,0.0%,,2.500,4.346,12.1,6.2,3.1,-50.6%,10.0,5.0,2.0,-60.0%,4.096,10.000,14.096
전자랜드 경기광주점,강남양판담당 전자랜드,혼매강남팀,전자랜드,양판,4.5,0.0,0.0,,0.750,7.0,0.0,0.0,0.0,,,2.500,3.250,4.8,0.0,0.0,,0.750,3.0,0.0,0.0,0.0,,,2.500,3.250,5.0,0.0,0.0,,0.750,4.0,0.0,0.0,0.0,,,2.500,3.250,8.4,1.7,0.0,-100.0%,0.750,10.0,2.0,0.0,0.0,-100.0%,,2.500,3.250,22.8,1.7,0.0,-100.0%,24.0,2.0,0.0,-100.0%,3.000,10.000,13.000
전자랜드 오산점,경기양판담당 전자랜드,혼매경기팀,전자랜드,양판,0.8,0.0,0.8,,2.500,1.0,0.0,0.0,1.0,,,2.500,5.000,18.3,9.2,4.1,-55.1%,0.750,11.0,5.0,0.0,2.0,-60.0%,,2.500,3.250,6.4,2.3,0.0,-100.0%,0.750,5.0,1.0,0.0,0.0,-100.0%,,2.500,3.250,8.4,2.5,1.0,-62.1%,0.750,10.0,3.0,0.0,1.0,-66.7%,,2.500,3.250,33.9,14.0,5.9,-58.1%,27.0,9.0,4.0,-55.6%,4.750,10.000,14.750
전자랜드 평택본점,경기양판담당 전자랜드,혼매경기팀,전자랜드,양판,1.8,0.0,3.6,,2.500,2.0,0.0,0.0,2.0,,,2.500,5.000,2.1,0.6,0.0,-100.0%,0.750,1.0,0.0,0.0,0.0,,,2.500,3.250,5.6,1.5,0.0,-100.0%,0.750,4.0,1.0,0.0,0.0,-100.0%,,2.500,3.250,1.7,0.8,1.9,127.2%,2.500,2.0,1.0,0.0,2.0,100.0%,,2.500,5.000,11.2,3.0,5.5,86.0%,9.0,2.0,4.0,100.0%,6.500,10.000,16.500
전자랜드 발안점,경기양판담당 전자랜드,혼매경기팀,전자랜드,양판,0.3,-0.1,0.0,-100.0%,0.750,0.0,-1.0,0.0,0.0,-100.0%,,2.500,3.250,1.8,0.0,0.0,,0.750,1.0,0.0,0.0,0.0,,,2.500,3.250,-1.5,-1.5,0.0,-100.0%,0.750,-1.0,-1.0,0.0,0.0,-100.0%,,2.500,3.250,0.8,0.0,1.0,,2.500,1.0,0.0,0.0,1.0,,,2.500,5.000,1.4,-1.6,1.0,-158.1%,1.0,-2.0,1.0,-150.0%,4.750,10.000,14.750
전자랜드 경산점,경북양판담당 전자랜드,혼매경북팀,전자랜드,양판,0.0,0.0,0.8,,2.500,0.0,0.0,0.0,1.0,,,2.500,5.000,1.7,1.7,1.8,4.3%,1.107,1.0,1.0,0.0,1.0,0.0%,,2.500,3.607,3.5,2.8,1.9,-33.4%,0.750,2.0,1.0,0.0,1.0,0.0%,,2.500,3.250,0.0,0.0,1.0,,2.500,0.0,0.0,0.0,1.0,,,2.500,5.000,5.2,4.5,5.4,19.1%,3.0,2.0,4.0,100.0%,6.857,10.000,16.857
전자랜드 안동점_가전,경북양판담당 전자랜드,혼매경북팀,전자랜드,양판,2.6,1.3,0.8,-40.3%,0.750,3.0,0.0,0.0,1.0,,,2.500,3.250,3.3,3.3,0.0,-100.0%,0.750,2.0,2.0,0.0,0.0,-100.0%,,2.500,3.250,0.0,0.0,3.1,,2.500,0.0,0.0,0.0,2.0,,,2.500,5.000,0.8,0.8,1.0,13.6%,1.340,1.0,1.0,0.0,1.0,0.0%,,2.500,3.840,6.7,5.4,4.9,-9.7%,6.0,3.0,4.0,33.3%,5.340,10.000,15.340
전자랜드 우현점_가전,경북양판담당 전자랜드,혼매경북팀,전자랜드,양판,4.9,0.0,0.0,,0.750,6.0,0.0,0.0,0.0,,,2.500,3.250,5.3,0.0,1.7,,2.500,3.0,0.0,0.0,1.0,,,2.500,5.000,7.4,2.3,3.1,35.0%,1.876,5.0,0.0,0.0,2.0,,,2.500,4.376,2.5,0.8,1.0,13.6%,1.340,3.0,1.0,0.0,1.0,0.0%,,2.500,3.840,20.2,3.1,5.7,82.2%,17.0,1.0,4.0,300.0%,6.466,10.000,16.466
전자랜드 현대시티아울렛 대구점,경북양판담당 전자랜드,혼매경북팀,전자랜드,양판,0.0,0.0,0.0,,0.750,0.0,0.0,0.0,0.0,,,2.500,3.250,0.0,0.0,1.8,,2.500,0.0,0.0,0.0,1.0,,,2.500,5.000,0.0,0.0,3.1,,2.500,0.0,0.0,0.0,2.0,,,2.500,5.000,0.8,0.0,2.1,,2.500,1.0,0.0,0.0,2.0,,,2.500,5.000,0.8,0.0,7.0,,1.0,0.0,5.0,,8.250,10.000,18.250
전자랜드 광평점_가전,경북양판담당 전자랜드,혼매경북팀,전자랜드,양판,2.6,0.8,1.8,128.4%,2.500,3.0,1.0,0.0,1.0,0.0%,,2.500,5.000,5.3,3.5,1.8,-48.0%,0.750,3.0,2.0,0.0,1.0,-50.0%,,2.500,3.250,3.4,2.3,6.3,172.2%,2.500,2.0,0.0,0.0,4.0,,,2.500,5.000,1.7,0.0,2.9,,2.500,2.0,0.0,0.0,3.0,,,2.500,5.000,13.0,6.6,12.8,92.6%,10.0,3.0,9.0,200.0%,8.250,10.000,18.250
전자랜드 김천점,경북양판담당 전자랜드,혼매경북팀,전자랜드,양판,0.0,0.0,0.0,,0.750,0.0,0.0,0.0,0.0,,,2.500,3.250,0.0,0.0,0.0,,0.750,0.0,0.0,0.0,0.0,,,2.500,3.250,0.0,0.0,0.0,,0.750,0.0,0.0,0.0,0.0,,,2.500,3.250,0.8,0.8,0.0,-100.0%,0.750,1.0,1.0,0.0,0.0,-100.0%,,2.500,3.250,0.8,0.8,0.0,-100.0%,1.0,1.0,0.0,-100.0%,3.000,10.000,13.000
전자랜드 오광장점_가전,경북양판담당 전자랜드,혼매경북팀,전자랜드,양판,6.4,1.6,0.8,-50.0%,0.750,8.0,2.0,0.0,1.0,-50.0%,,2.500,3.250,21.6,0.0,6.8,,2.500,14.0,0.0,0.0,4.0,,,2.500,5.000,17.0,6.1,16.7,172.7%,2.500,11.0,4.0,0.0,10.0,150.0%,,2.500,5.000,18.5,10.1,7.7,-24.3%,0.750,22.0,12.0,0.0,8.0,-33.3%,,2.500,3.250,63.5,17.8,32.0,79.5%,55.0,18.0,23.0,27.8%,6.500,10.000,16.500
전자랜드 죽전점_가전,경북양판담당 전자랜드,혼매경북팀,전자랜드,양판,0.0,0.0,2.8,,2.500,0.0,0.0,0.0,2.0,,,2.500,5.000,10.4,3.5,3.3,-6.1%,0.750,6.0,2.0,0.0,2.0,0.0%,,2.500,3.250,6.2,2.8,3.1,11.0%,1.274,4.0,1.0,0.0,2.0,100.0%,,2.500,3.774,4.4,2.1,2.9,39.6%,1.990,5.0,2.0,0.0,3.0,50.0%,,2.500,4.490,21.0,8.4,12.2,44.1%,15.0,5.0,9.0,80.0%,6.514,10.000,16.514
(신)이마트 E/T천안아산점,충청담당 이마트,혼매충청팀(A),이마트,대형마트,2.4,1.7,0.0,-100.0%,0.750,3.0,2.0,0.0,0.0,-100.0%,,2.500,3.250,5.4,1.9,0.0,-100.0%,0.750,3.0,1.0,0.0,0.0,-100.0%,,2.500,3.250,4.8,4.8,0.0,-100.0%,0.750,3.0,3.0,0.0,0.0,-100.0%,,2.500,3.250,0.0,0.0,1.1,,2.500,0.0,0.0,0.0,1.0,,,2.500,5.000,12.6,8.3,1.1,-86.4%,9.0,6.0,1.0,-83.3%,4.750,10.000,14.750
(신)이마트 아산점,충청담당 이마트,혼매충청팀(A),이마트,대형마트,0.0,0.0,0.0,,0.750,0.0,0.0,0.0,0.0,,,2.500,3.250,0.0,0.0,0.0,,0.750,0.0,0.0,0.0,0.0,,,2.500,3.250,0.0,0.0,0.0,,0.750,0.0,0.0,0.0,0.0,,,2.500,3.250,0.0,0.0,0.0,,0.750,0.0,0.0,0.0,0.0,,,2.500,3.250,0.0,0.0,0.0,,0.0,0.0,0.0,,3.000,10.000,13.000
(신)이마트 천안점,충청담당 이마트,혼매충청팀(A),이마트,대형마트,0.8,0.8,0.0,-100.0%,0.750,1.0,1.0,0.0,0.0,-100.0%,,2.500,3.250,3.6,1.9,3.9,112.4%,2.500,2.0,1.0,0.0,2.0,100.0%,,2.500,5.000,1.5,1.5,5.2,248.6%,2.500,1.0,1.0,0.0,3.0,200.0%,,2.500,5.000,2.9,0.9,0.0,-100.0%,0.750,3.0,1.0,0.0,0.0,-100.0%,,2.500,3.250,8.9,5.1,9.2,80.1%,7.0,4.0,5.0,25.0%,6.500,10.000,16.500
신 홈플러스 청주성안점,충청담당 홈플러스,혼매충청팀(A),홈플러스,대형마트,0.0,0.0,0.0,,0.750,0.0,0.0,0.0,0.0,,,2.500,3.250,0.0,0.0,0.0,,0.750,0.0,0.0,0.0,0.0,,,2.500,3.250,0.0,0.0,0.0,,0.750,0.0,0.0,0.0,0.0,,,2.500,3.250,0.0,0.0,0.0,,0.750,0.0,0.0,0.0,0.0,,,2.500,3.250,0.0,0.0,0.0,,0.0,0.0,0.0,,3.000,10.000,13.000
(신)이마트 천안서북점,충청담당 이마트,혼매충청팀(A),이마트,대형마트,1.6,0.8,1.8,114.2%,2.500,2.0,1.0,0.0,1.0,0.0%,,2.500,5.000,1.6,1.6,1.7,8.2%,1.205,1.0,1.0,0.0,1.0,0.0%,,2.500,3.705,1.6,1.6,3.8,142.7%,2.500,1.0,1.0,0.0,2.0,100.0%,,2.500,5.000,5.4,4.5,1.0,-78.1%,0.750,6.0,5.0,0.0,1.0,-80.0%,,2.500,3.250,10.2,8.5,8.3,-2.2%,10.0,8.0,5.0,-37.5%,6.955,10.000,16.955
(신)이마트 천안터미널점,충청담당 이마트,혼매충청팀(A),이마트,대형마트,0.0,0.0,0.0,,0.750,0.0,0.0,0.0,0.0,,,2.500,3.250,0.0,0.0,0.0,,0.750,0.0,0.0,0.0,0.0,,,2.500,3.250,0.0,0.0,0.0,,0.750,0.0,0.0,0.0,0.0,,,2.500,3.250,0.0,0.0,0.8,,2.500,0.0,0.0,0.0,1.0,,,2.500,5.000,0.0,0.0,0.8,,0.0,0.0,1.0,,4.750,10.000,14.750
신 홈플러스 동청주점,충청담당 홈플러스,혼매충청팀(A),홈플러스,대형마트,0.8,0.8,2.8,234.7%,2.500,1.0,1.0,0.0,2.0,100.0%,,2.500,5.000,3.6,1.9,6.5,242.7%,2.500,2.0,1.0,0.0,4.0,300.0%,,2.500,5.000,0.0,0.0,0.0,,0.750,0.0,0.0,0.0,0.0,,,2.500,3.250,0.0,0.0,0.9,,2.500,0.0,0.0,0.0,1.0,,,2.500,5.000,4.5,2.7,10.2,274.0%,3.0,2.0,7.0,250.0%,8.250,10.000,18.250
(신)이마트 서산점,충청담당 이마트,혼매충청팀(A),이마트,대형마트,0.0,0.0,0.0,,0.750,0.0,0.0,0.0,0.0,,,2.500,3.250,3.3,0.0,0.0,,0.750,2.0,0.0,0.0,0.0,,,2.500,3.250,0.0,0.0,0.0,,0.750,0.0,0.0,0.0,0.0,,,2.500,3.250,0.9,0.9,1.0,9.7%,1.242,1.0,1.0,0.0,1.0,0.0%,,2.500,3.742,4.2,0.9,1.0,9.7%,3.0,1.0,1.0,0.0%,3.492,10.000,13.492
(신)이마트 청주점,충청담당 이마트,혼매충청팀(A),이마트,대형마트,1.6,1.7,0.9,-48.6%,0.750,2.0,2.0,0.0,1.0,-50.0%,,2.500,3.250,5.2,0.0,0.0,,0.750,3.0,0.0,0.0,0.0,,,2.500,3.250,1.4,0.0,0.0,,0.750,1.0,0.0,0.0,0.0,,,2.500,3.250,0.9,0.0,0.0,,0.750,1.0,0.0,0.0,0.0,,,2.500,3.250,9.0,1.7,0.9,-48.6%,7.0,2.0,1.0,-50.0%,3.000,10.000,13.000
(신)이마트 충주점,충청담당 이마트,혼매충청팀(A),이마트,대형마트,0.8,0.0,0.0,,0.750,1.0,0.0,0.0,0.0,,,2.500,3.250,3.7,0.0,-1.9,,0.750,2.0,0.0,0.0,-1.0,,,2.500,3.250,1.6,1.6,0.0,-100.0%,0.750,1.0,1.0,0.0,0.0,-100.0%,,2.500,3.250,1.8,1.8,0.0,-100.0%,0.750,2.0,2.0,0.0,0.0,-100.0%,,2.500,3.250,7.9,3.4,-1.9,-155.3%,6.0,3.0,-1.0,-133.3%,3.000,10.000,13.000
신 홈플러스 천안점,충청담당 홈플러스,혼매충청팀(A),홈플러스,대형마트,0.0,0.0,0.0,,0.750,0.0,0.0,0.0,0.0,,,2.500,3.250,1.7,0.0,0.0,-100.0%,0.750,1.0,0.0,0.0,0.0,,,2.500,3.250,0.0,0.0,1.6,,2.500,0.0,0.0,0.0,1.0,,,2.500,5.000,0.0,0.0,0.0,,0.750,0.0,0.0,0.0,0.0,,,2.500,3.250,1.7,0.0,1.6,#########,1.0,0.0,1.0,,4.750,10.000,14.750
(신)이마트 보령점,충청담당 이마트,혼매충청팀(A),이마트,대형마트,0.8,0.8,0.0,-100.0%,0.750,1.0,1.0,0.0,0.0,-100.0%,,2.500,3.250,1.6,1.6,0.0,-100.0%,0.750,1.0,1.0,0.0,0.0,-100.0%,,2.500,3.250,0.0,0.0,0.0,,0.750,0.0,0.0,0.0,0.0,,,2.500,3.250,0.0,0.0,0.0,,0.750,0.0,0.0,0.0,0.0,,,2.500,3.250,2.4,2.4,0.0,-100.0%,2.0,2.0,0.0,-100.0%,3.000,10.000,13.000
신 홈플러스 논산점,충청담당 홈플러스,혼매충청팀(A),홈플러스,대형마트,0.0,0.0,0.0,,0.750,0.0,0.0,0.0,0.0,,,2.500,3.250,0.0,0.0,1.9,,2.500,0.0,0.0,0.0,1.0,,,2.500,5.000,0.0,0.0,0.0,,0.750,0.0,0.0,0.0,0.0,,,2.500,3.250,0.0,0.0,0.0,,0.750,0.0,0.0,0.0,0.0,,,2.500,3.250,0.0,0.0,1.9,,0.0,0.0,1.0,,4.750,10.000,14.750
신 홈플러스 보령점,충청담당 홈플러스,혼매충청팀(A),홈플러스,대형마트,0.0,0.0,0.0,,0.750,0.0,0.0,0.0,0.0,,,2.500,3.250,0.0,0.0,0.0,,0.750,0.0,0.0,0.0,0.0,,,2.500,3.250,0.0,0.0,0.0,,0.750,0.0,0.0,0.0,0.0,,,2.500,3.250,0.0,0.0,0.0,,0.750,0.0,0.0,0.0,0.0,,,2.500,3.250,0.0,0.0,0.0,,0.0,0.0,0.0,,3.000,10.000,13.000
신 홈플러스 오창점,충청담당 홈플러스,혼매충청팀(A),홈플러스,대형마트,0.0,0.0,0.0,,0.750,0.0,0.0,0.0,0.0,,,2.500,3.250,0.0,0.0,3.7,,2.500,0.0,0.0,0.0,2.0,,,2.500,5.000,0.0,0.0,1.9,,2.500,0.0,0.0,0.0,1.0,,,2.500,5.000,0.0,0.0,0.0,,0.750,0.0,0.0,0.0,0.0,,,2.500,3.250,0.0,0.0,5.6,,0.0,0.0,3.0,,6.500,10.000,16.500
전자랜드 분평점_가전,충청담당 전자랜드,혼매충청팀(A),전자랜드,양판,4.0,0.0,2.6,,2.500,4.0,0.0,0.0,2.0,,,2.500,5.000,8.5,1.8,4.7,165.2%,2.500,5.0,1.0,0.0,3.0,200.0%,,2.500,5.000,2.5,0.0,5.0,,2.500,2.0,0.0,0.0,3.0,,,2.500,5.000,0.0,0.0,1.0,,2.500,0.0,0.0,0.0,1.0,,,2.500,5.000,15.0,1.8,13.3,648.4%,11.0,1.0,9.0,800.0%,10.000,10.000,20.000
전자랜드 쌍용점_가전,충청담당 전자랜드,혼매충청팀(A),전자랜드,양판,1.1,0.7,3.6,445.3%,2.500,1.0,0.0,0.0,2.0,,,2.500,5.000,8.9,5.3,3.8,-27.9%,0.750,5.0,3.0,0.0,2.0,-33.3%,,2.500,3.250,7.6,3.0,1.9,-37.4%,0.750,5.0,2.0,0.0,1.0,-50.0%,,2.500,3.250,0.8,0.8,1.0,13.6%,1.340,1.0,1.0,0.0,1.0,0.0%,,2.500,3.840,18.4,9.9,10.3,4.3%,12.0,6.0,6.0,0.0%,5.340,10.000,15.340
전자랜드 천안메가마트점,충청담당 전자랜드,혼매충청팀(A),전자랜드,양판,0.0,0.0,0.8,,2.500,0.0,0.0,0.0,1.0,,,2.500,5.000,0.0,0.0,0.0,,0.750,0.0,0.0,0.0,0.0,,,2.500,3.250,1.6,0.0,0.0,,0.750,1.0,0.0,0.0,0.0,,,2.500,3.250,0.0,0.0,0.0,,0.750,0.0,0.0,0.0,0.0,,,2.500,3.250,1.6,0.0,0.8,,1.0,0.0,1.0,,4.750,10.000,14.750
전자랜드 커넥트현대 청주점,충청담당 전자랜드,혼매충청팀(A),전자랜드,양판,0.0,0.0,2.6,,평가제외,0.0,0.0,0.0,2.0,,,5.000,5.000,0.0,0.0,1.7,,평가제외,0.0,0.0,0.0,1.0,,,5.000,5.000,0.0,0.0,0.0,,평가제외,0.0,0.0,0.0,0.0,,,5.000,5.000,0.0,0.0,0.0,,평가제외,0.0,0.0,0.0,0.0,,,5.000,5.000,0.0,0.0,4.2,,0.0,0.0,3.0,,평가제외,20.000,20.000
전자랜드 서산점,충청담당 전자랜드,혼매충청팀(A),전자랜드,양판,0.0,0.0,0.8,,2.500,0.0,0.0,0.0,1.0,,,2.500,5.000,0.0,0.0,0.0,,0.750,0.0,0.0,0.0,0.0,,,2.500,3.250,1.2,0.0,1.6,,2.500,1.0,0.0,0.0,1.0,,,2.500,5.000,1.0,0.0,0.0,,0.750,1.0,0.0,0.0,0.0,,,2.500,3.250,2.2,0.0,2.3,,2.0,0.0,2.0,,6.500,10.000,16.500
전자랜드 아산점_가전,충청담당 전자랜드,혼매충청팀(A),전자랜드,양판,0.0,0.0,2.6,,2.500,0.0,0.0,0.0,2.0,,,2.500,5.000,1.8,0.0,2.3,,2.500,1.0,0.0,0.0,1.0,,,2.500,5.000,0.0,0.0,0.0,,0.750,0.0,0.0,0.0,0.0,,,2.500,3.250,-0.9,0.0,0.0,,0.750,-1.0,0.0,0.0,0.0,,,2.500,3.250,0.9,0.0,4.9,,0.0,0.0,3.0,,6.500,10.000,16.500
전자랜드 홍성점,충청담당 전자랜드,혼매충청팀(A),전자랜드,양판,4.0,2.1,0.0,-100.0%,0.750,4.0,1.0,0.0,0.0,-100.0%,,2.500,3.250,0.0,0.0,0.0,,0.750,0.0,0.0,0.0,0.0,,,2.500,3.250,1.6,1.6,1.3,-19.2%,0.750,1.0,1.0,0.0,1.0,0.0%,,2.500,3.250,0.0,0.0,1.0,,2.500,0.0,0.0,0.0,1.0,,,2.500,5.000,5.5,3.7,2.2,-39.5%,5.0,2.0,2.0,0.0%,4.750,10.000,14.750
