지점,평가그룹,영업팀,채널,유통,로봇청소기Gross 전년마감총판,로봇청소기Gross 전년동기총판,로봇청소기Gross 당월총판,로봇청소기Gross 전년동기比,로봇청소기수량 전년마감총판,로봇청소기수량 전년동기총판,로봇청소기수량 목표,로봇청소기수량 당월총판,로봇청소기수량 전년동기比,로봇청소기수량 목표比,스타일러Gross 전년마감총판,스타일러Gross 전년동기총판,스타일러Gross 당월총판,스타일러Gross 전년동기比,스타일러수량 전년마감총판,스타일러수량 전년동기총판,스타일러수량 목표,스타일러수량 당월총판,스타일러수량 전년동기比,스타일러수량 목표比,식기세척기Gross 전년마감총판,식기세척기Gross 전년동기총판,식기세척기Gross 당월총판,식기세척기Gross 전년동기比,식기세척기수량 전년마감총판,식기세척기수량 전년동기총판,식기세척기수량 목표,식기세척기수량 당월총판,식기세척기수량 전년동기比,식기세척기수량 목표比,스탠바이미Gross 전년마감총판,스탠바이미Gross 전년동기총판,스탠바이미Gross 당월총판,스탠바이미Gross 전년동기比,스탠바이미수량 전년마감총판,스탠바이미수량 전년동기총판,스탠바이미수량 목표,스탠바이미수량 당월총판,스탠바이미수량 전년동기比,스탠바이미수량 목표比,M&B제품계Gross 전년마감총판,M&B제품계Gross 전년동기총판,M&B제품계Gross 당월총판,M&B제품계Gross 전년동기比,M&B제품계수량 전년마감총판,M&B제품계수량 전년동기총판,M&B제품계수량 목표,M&B제품계수량 당월총판,M&B제품계수량 전년동기比,M&B제품계수량 목표比
(신)이마트 E/T스타필드하남점,대형마트담당이마트,혼매강남팀,이마트,대형마트,2.492104385,2.492104385,0,-1,3,3,7,0,-1,0,65.14561347,65.14561347,0,-1,37,37,20,0,-1,0,83.1682,83.1682,3.843800303,-0.953782812,50,50,20,2,-0.96,0.1,43.55191085,43.55191085,5.981639879,-0.862654938,45,45,32,6,-0.866666667,0.1875,194.3578287,194.3578287,9.825440182,-0.949446646,135,135,79,8,-0.940740741,0.101265823
(신)이마트 분당점,대형마트담당이마트,혼매강남팀,이마트,대형마트,0.830701462,0.830701462,61.54421677,73.08704521,1,1,3,71,70,23.66666667,20.14637421,20.14637421,59.58958619,1.957831795,12,12,9,41,2.416666667,4.555555556,15.42056251,15.42056251,71.169533,3.615235855,10,10,9,42,3.2,4.666666667,8.115548849,8.115548849,2.254546,-0.722194267,9,9,14,2,-0.777777778,0.142857143,44.51318703,44.51318703,194.557882,3.370792005,32,32,35,156,3.875,4.457142857
(신)이마트 성남점,대형마트담당이마트,혼매강남팀,이마트,대형마트,0.830701462,0.830701462,0,-1,1,1,2,0,-1,0,1.749592683,1.749592683,6.540195802,2.738124802,1,1,5,4,3,0.8,6.123494508,6.123494508,9.230412832,0.507376682,4,4,5,5,0.25,1,0.815364,0.815364,1.127273,0.382539577,1,1,8,1,0,0.125,9.519152653,9.519152653,16.89788163,0.775145567,7,7,20,10,0.428571429,0.5
(신)이마트 하남점,대형마트담당이마트,혼매강남팀,이마트,대형마트,1.494156462,1.494156462,0,-1,2,2,2,0,-1,0,10.10955298,10.10955298,5.357250863,-0.470080341,6,6,4,3,-0.5,0.75,9.24648286,9.24648286,1.890909071,-0.79549964,6,6,5,1,-0.833333333,0.2,5.4103659,5.4103659,2.106877199,-0.610585081,6,6,7,2,-0.666666667,0.285714286,26.2605582,26.2605582,9.355037133,-0.643760918,20,20,18,6,-0.7,0.333333333
신 홈플러스 분당오리점,대형마트담당홈플러스,혼매강남팀,홈플러스,대형마트,0.227860153,0.227860153,0,-1,0,0,1,0,,0,1.928813996,1.928813996,0,-1,1,1,2,0,-1,0,1.4683629,1.4683629,0,-1,1,1,1,0,-1,0,0,0,1.744,,0,0,1,2,,2,3.625037049,3.625037049,1.744,-0.518901469,2,2,5,2,0,0.4
(신)이마트 명일점,대형마트담당이마트,혼매강남팀,이마트,대형마트,0.830701462,0.830701462,0,-1,1,1,1,0,-1,0,3.567632733,3.567632733,1.415728,-0.6031744,2,2,3,1,-0.5,0.333333333,0.691819,0.691819,2.372436933,2.429274034,1,1,3,2,1,0.666666667,1.8034553,1.8034553,0,-1,2,2,4,0,-1,0,6.893608495,6.893608495,3.788164933,-0.450481568,6,6,11,3,-0.5,0.272727273
(신)이마트 양재점,대형마트담당이마트,혼매강남팀,이마트,대형마트,1.494156462,1.494156462,0.866819955,-0.419859983,2,2,1,1,-0.5,1,4.694360617,4.694360617,3.477289647,-0.259262351,3,3,4,2,-0.333333333,0.5,-0.253122751,-0.253122751,3.382849933,-14.36446416,0,0,4,2,,0.5,0.90172765,0.90172765,0,-1,1,1,6,0,-1,0,6.837121978,6.837121978,7.726959535,0.130147972,6,6,15,5,-0.166666667,0.333333333
이마트 E/T스타필드위례점,대형마트담당이마트,혼매강남팀,이마트,대형마트,0.830701462,0.830701462,4.475041711,4.387063724,1,1,6,3,2,0.5,32.90839629,32.90839629,2.306522738,-0.929910813,19,19,17,1,-0.947368421,0.058823529,31.07166902,31.07166902,0,-1,20,20,17,0,-1,0,59.51402489,59.51402489,2.190909,-0.963186677,66,66,27,2,-0.96969697,0.074074074,124.3247917,124.3247917,8.972473449,-0.927830376,106,106,67,6,-0.943396226,0.089552239
신 홈플러스 강동점,대형마트담당홈플러스,혼매강남팀,홈플러스,대형마트,1.694145306,1.694145306,0,-1,2,2,2,0,-1,0,9.277594654,9.277594654,2.970448843,-0.679825542,4,4,8,2,-0.5,0.25,-0.002224545,-0.002224545,3.477460727,-1564.223368,0,0,3,2,,0.666666667,1.75403375,1.75403375,0,-1,2,2,1,0,-1,0,12.72354917,12.72354917,6.44790957,-0.493230271,8,8,14,4,-0.5,0.285714286
신 홈플러스 잠실점,대형마트담당홈플러스,혼매강남팀,홈플러스,대형마트,0,0,0,,0,0,1,0,,0,0,0,0,,0,0,1,0,,0,1.187116,1.187116,0,-1,1,1,1,0,-1,0,0,0,0,,0,0,1,0,,0,1.187116,1.187116,0,-1,1,1,4,0,-1,0
(신)이마트 천호점,대형마트담당이마트,혼매강남팀,이마트,대형마트,1.661402924,1.661402924,0.866819955,-0.478260245,2,2,1,1,-0.5,1,5.022904858,5.022904858,1.059819,-0.789002772,3,3,4,1,-0.666666667,0.25,2.250760869,2.250760869,1.550248457,-0.311233602,2,2,4,1,-0.5,0.25,0.90172765,0.90172765,0,-1,1,1,6,0,-1,0,9.836796301,9.836796301,3.476887412,-0.646542705,8,8,15,3,-0.625,0.2
(신)이마트 평촌점,대형마트담당이마트,혼매강남팀,이마트,대형마트,2.492104385,2.492104385,26.00459864,9.434795106,3,3,2,30,9,15,12.38404352,12.38404352,0,-1,7,7,5,0,-1,0,10.55660706,10.55660706,40.20054747,2.80809357,7,7,5,30,3.285714286,6,4.488367191,4.488367191,1.127273,-0.748845638,5,5,7,1,-0.8,0.142857143,29.92112216,29.92112216,67.33241911,1.250330678,22,22,19,61,1.772727273,3.210526316
이마트 E/T군포점,대형마트담당이마트,혼매강남팀,이마트,대형마트,0,0,0,,0,0,2,0,,0,7.066818099,7.066818099,7.227655651,0.022759543,4,4,5,4,0,0.8,4.676825606,4.676825606,1.470326795,-0.685614363,3,3,5,1,-0.666666667,0.2,1.869547891,1.869547891,0,-1,2,2,8,0,-1,0,13.6131916,13.6131916,8.697982446,-0.361062218,9,9,20,5,-0.444444444,0.25
신 홈플러스 서울남현점,대형마트담당홈플러스,혼매강남팀,홈플러스,대형마트,0.847072653,0.847072653,1.60567775,0.89556084,1,1,1,2,1,2,4.403655,4.403655,6.009092446,0.364569306,3,3,3,3,0,1,2.780891455,2.780891455,4.792108798,0.72322756,2,2,1,3,0.5,3,0.933517875,0.933517875,1.984,1.125294066,1,1,1,2,1,2,8.965136983,8.965136983,14.39087899,0.605204585,7,7,6,10,0.428571429,1.666666667
신 홈플러스 평촌점,대형마트담당홈플러스,혼매강남팀,홈플러스,대형마트,1.694145306,1.694145306,0,-1,2,2,1,0,-1,0,3.430268996,3.430268996,5.549747335,0.617875257,2,2,2,3,0.5,1.5,4.317326364,4.317326364,0,-1,4,4,1,0,-1,0,0,0,0,,0,0,1,0,,0,9.441740666,9.441740666,5.549747335,-0.41221142,8,8,5,3,-0.625,0.6
(신)이마트 가든5점,대형마트담당이마트,혼매강남팀,이마트,대형마트,1.661402924,1.661402924,0,-1,2,2,1,0,-1,0,3.239088492,3.239088492,0,-1,2,2,2,0,-1,0,0,0,1.680617933,,0,0,2,1,,0.5,0.90172765,0.90172765,0,-1,1,1,3,0,-1,0,5.802219066,5.802219066,1.680617933,-0.710349107,5,5,8,1,-0.8,0.125
(신)이마트 경기광주점,대형마트담당이마트,혼매강남팀,이마트,대형마트,2.324857924,2.324857924,1.7978698,-0.22667541,3,3,1,1,-0.666666667,1,14.65740743,14.65740743,1.898409469,-0.870481224,9,9,4,1,-0.888888889,0.25,19.41762855,19.41762855,6.158655371,-0.682831745,13,13,4,4,-0.692307692,1,5.4103659,5.4103659,0,-1,6,6,6,0,-1,0,41.8102598,41.8102598,9.85493464,-0.764293867,31,31,15,6,-0.806451613,0.4
(신)이마트 산본점,대형마트담당이마트,혼매강남팀,이마트,대형마트,1.106254067,1.106254067,0,-1,1,1,3,0,-1,0,10.36111776,10.36111776,9.796565531,-0.05448758,6,6,8,5,-0.166666667,0.625,4.676825606,4.676825606,5.39404876,0.153356831,3,3,8,3,0,0.375,0,0,0,,0,0,13,0,,0,16.14419743,16.14419743,15.19061429,-0.059066618,10,10,32,8,-0.2,0.25
(신)이마트 스타필드하남점,대형마트담당이마트,혼매강남팀,이마트,대형마트,3.155559385,3.155559385,7.390914234,1.342188288,4,4,5,4,0,0.8,21.66127388,21.66127388,9.628182693,-0.555511705,13,13,13,5,-0.615384615,0.384615385,19.62402451,19.62402451,17.82402683,-0.091724186,13,13,13,11,-0.153846154,0.846153846,3.6069106,3.6069106,9.702450598,1.689961486,4,4,20,9,1.25,0.45,48.04776838,48.04776838,44.54557436,-0.072889837,34,34,51,29,-0.147058824,0.568627451
신 홈플러스 경기하남점,대형마트담당홈플러스,혼매강남팀,홈플러스,대형마트,0,0,0,,0,0,1,0,,0,0,0,0,,0,0,1,0,,0,0,0,0,,0,0,1,0,,0,0,0,0,,0,0,1,0,,0,0,0,0,,0,0,4,0,,0
(신)이마트 E/T안산신길점,대형마트담당이마트,혼매경기팀,이마트,대형마트,0.830701462,0.830701462,0,-1,1,1,3,0,-1,0,5.248778049,5.248778049,0,-1,3,3,7,0,-1,0,7.631404508,7.631404508,5.141843485,-0.326225798,5,5,7,3,-0.4,0.428571429,0,0,-4.066085598,,0,0,11,-4,,-0.363636364,13.71088402,13.71088402,1.075757887,-0.921539859,9,9,28,-1,-1.111111111,-0.035714286
(신)이마트 고잔점,대형마트담당이마트,혼매경기팀,이마트,대형마트,0,0,3.608221756,,0,0,2,2,,1,2.843635367,2.843635367,9.988614494,2.512621418,2,2,6,5,1.5,0.833333333,7.682436377,7.682436377,1.30050149,-0.830717571,5,5,6,1,-0.8,0.166666667,0.90172765,0.90172765,5.488696199,5.086866915,1,1,9,5,4,0.555555556,11.42779939,11.42779939,20.38603394,0.783898478,8,8,23,13,0.625,0.565217391
(신)이마트 화성봉담점,대형마트담당이마트,혼매경기팀,이마트,대형마트,0,0,0,,0,0,1,0,,0,0,0,30.56803643,,0,0,4,16,,4,0,0,-0.547038033,,0,0,4,0,,0,0,0,1.127273,,0,0,6,1,,0.166666667,0,0,31.1482714,,0,0,15,17,,1.133333333
E/T화서점,대형마트담당이마트,혼매경기팀,이마트,대형마트,2.324857924,2.324857924,0,-1,3,3,3,0,-1,0,17.29620163,17.29620163,0,-1,10,10,7,0,-1,0,13.86206737,13.86206737,3.266628152,-0.764347693,9,9,8,2,-0.777777778,0.25,0.967820241,0.967820241,5.534150262,4.718159249,1,1,12,5,4,0.416666667,34.45094717,34.45094717,8.800778414,-0.744541758,23,23,30,7,-0.695652174,0.233333333
(신)이마트 동탄점,대형마트담당이마트,혼매경기팀,이마트,대형마트,1.661402924,1.661402924,0.866819955,-0.478260245,2,2,2,1,-0.5,0.5,6.870464484,6.870464484,1.38250025,-0.798776305,4,4,6,1,-0.75,0.166666667,5.864820414,5.864820414,4.900561267,-0.164414096,4,4,6,3,-0.25,0.5,0,0,1.127273,,0,0,9,1,,0.111111111,14.39668782,14.39668782,8.277154472,-0.425065364,10,10,23,6,-0.4,0.260869565
(신)이마트 오산점,대형마트담당이마트,혼매경기팀,이마트,대형마트,1.661402924,1.661402924,0.866819955,-0.478260245,2,2,2,1,-0.5,0.5,3.371279118,3.371279118,1.626431549,-0.517562476,2,2,5,1,-0.5,0.2,1.558941869,1.558941869,6.136574857,2.93637183,1,1,5,5,4,1,0,0,0,,0,0,8,0,,0,6.591623911,6.591623911,8.629826361,0.309210974,5,5,20,7,0.4,0.35
(신)이마트 평택점,대형마트담당이마트,혼매경기팀,이마트,대형마트,0,0,1.7978698,,0,0,2,1,,0.5,3.567632733,3.567632733,3.722250738,0.043339104,2,2,5,2,0,0.4,7.786858508,7.786858508,3.812809223,-0.510353345,5,5,5,3,-0.4,0.6,0.815364,0.815364,2.190909,1.687031804,1,1,8,2,1,0.25,12.16985524,12.16985524,11.52383876,-0.053083333,8,8,20,8,0,0.4
일렉트로마트STF안성,대형마트담당이마트,혼매경기팀,이마트,대형마트,1.661402924,1.661402924,8.257734189,3.970338062,2,2,3,5,1.5,1.666666667,10.23745922,10.23745922,11.59592937,0.132696026,6,6,8,6,0,0.75,12.25639871,12.25639871,10.10287992,-0.175705673,8,8,8,6,-0.25,0.75,8.181641441,8.181641441,4.361423199,-0.466925649,9,9,12,4,-0.555555556,0.333333333,32.3369023,32.3369023,34.31796668,0.06126327,25,25,31,21,-0.16,0.677419355
신 홈플러스 오산점,대형마트담당홈플러스,혼매경기팀,홈플러스,대형마트,0.847072653,0.847072653,0,-1,1,1,1,0,-1,0,1.928813996,1.928813996,5.71151267,1.961152647,1,1,3,3,2,1,1.2905845,1.2905845,0,-1,1,1,1,0,-1,0,0,0,0,,0,0,1,0,,0,4.066471149,4.066471149,5.71151267,0.404537856,3,3,6,3,0,0.5
(신)이마트 E/T수원점,대형마트담당이마트,혼매경기팀,이마트,대형마트,0.830701462,0.830701462,0,-1,1,1,2,0,-1,0,8.986155238,8.986155238,0,-1,6,6,6,0,-1,0,12.35371064,12.35371064,0,-1,8,8,6,0,-1,0,8.115548849,8.115548849,1.127273,-0.861097133,9,9,9,1,-0.888888889,0.111111111,30.28611619,30.28611619,1.127273,-0.962779216,24,24,23,1,-0.958333333,0.043478261
(신)이마트 수원점,대형마트담당이마트,혼매경기팀,이마트,대형마트,2.324857924,2.324857924,1.804110878,-0.223990912,3,3,3,1,-0.666666667,0.333333333,6.747089733,6.747089733,9.505933025,0.40889382,5,5,7,5,0,0.714285714,4.407158087,4.407158087,8.652836633,0.963359712,3,3,7,5,0.666666667,0.714285714,0,0,0,,0,0,11,0,,0,13.47910574,13.47910574,19.96288054,0.481024107,11,11,28,11,0,0.392857143
(신)이마트 흥덕점,대형마트담당이마트,혼매경기팀,이마트,대형마트,0,0,0,,0,0,1,0,,0,1.6925455,1.6925455,4.204932207,1.484383555,1,1,1,2,1,2,1.502805386,1.502805386,0,-1,1,1,1,0,-1,0,0,0,0,,0,0,2,0,,0,3.195350886,3.195350886,4.204932207,0.315953195,2,2,5,2,0,0.4
E/T동탄점,대형마트담당이마트,혼매경기팀,이마트,대형마트,0,0,0,,0,0,1,0,,0,9.993099851,9.993099851,1.898409469,-0.81002797,6,6,3,1,-0.833333333,0.333333333,1.558941869,1.558941869,3.472148609,1.227247005,1,1,3,2,1,0.666666667,0.967820241,0.967820241,0.990909,0.023856454,1,1,5,1,0,0.2,12.51986196,12.51986196,6.361467078,-0.491889999,8,8,12,4,-0.5,0.333333333
신 홈플러스 화성향남점,대형마트담당홈플러스,혼매경기팀,홈플러스,대형마트,2.316328973,2.316328973,3.605100528,0.556385371,3,3,1,2,-0.333333333,2,3.430268996,3.430268996,0,-1,2,2,5,0,-1,0,1.4683629,1.4683629,0,-1,1,1,2,0,-1,0,0,0,0,,0,0,1,0,,0,7.214960869,7.214960869,3.605100528,-0.500329857,6,6,9,2,-0.666666667,0.222222222
(신)이마트 안성점,대형마트담당이마트,혼매경기팀,이마트,대형마트,4.153507309,4.153507309,1.804110878,-0.565641579,5,5,2,1,-0.8,0.5,6.806721225,6.806721225,4.465657606,-0.343934112,4,4,4,3,-0.25,0.75,4.518625386,4.518625386,2.6221839,-0.419694337,3,3,4,2,-0.333333333,0.5,4.488367191,4.488367191,1.127273,-0.748845638,5,5,7,1,-0.8,0.142857143,19.96722111,19.96722111,10.01922538,-0.498216335,17,17,17,7,-0.588235294,0.411764706
E/T스타필드안성점,대형마트담당이마트,혼매경기팀,이마트,대형마트,58.97980379,58.97980379,-10.73456,-1.182003996,71,71,7,-16,-1.225352113,-2.285714286,57.77078222,57.77078222,59.75160409,0.034287607,33,33,18,24,-0.272727273,1.333333333,49.8861398,49.8861398,97.47584013,0.953966383,32,32,19,58,0.8125,3.052631579,36.069106,36.069106,54.93796436,0.523130747,40,40,29,56,0.4,1.931034483,202.7058318,202.7058318,201.4308486,-0.00628982,176,176,73,122,-0.306818182,1.671232877
(신)홈플러스 평택안중점,대형마트담당홈플러스,혼매경기팀,홈플러스,대형마트,1.694145306,1.694145306,0,-1,2,2,2,0,-1,0,0,0,2.2823,,0,0,6,1,,0.166666667,0,0,0,,0,0,2,0,,0,0,0,0,,0,0,1,0,,0,1.694145306,1.694145306,2.2823,0.347168978,2,2,11,1,-0.5,0.090909091
신 홈플러스 송탄점,대형마트담당홈플러스,혼매경기팀,홈플러스,대형마트,0,0,0,,0,0,1,0,,0,0,0,0,,0,0,3,0,,0,0,0,0,,0,0,1,0,,0,0,0,0.872,,0,0,1,1,,1,0,0,0.872,,0,0,6,1,,0.166666667
(신)이마트 E/T구성점,대형마트담당이마트,혼매경기팀,이마트,대형마트,0,0,1.804110878,,0,0,2,1,,0.5,5.112339712,5.112339712,0,-1,3,3,5,0,-1,0,4.569657254,4.569657254,0,-1,3,3,5,0,-1,0,-1.54E-05,-1.54E-05,0,-1,0,0,8,0,,0,9.681981563,9.681981563,1.804110878,-0.813663054,6,6,20,1,-0.833333333,0.05
(신)이마트 수지점,대형마트담당이마트,혼매경기팀,이마트,대형마트,0,0,0,,0,0,1,0,,0,5.317225416,5.317225416,1.626431549,-0.694120256,3,3,4,1,-0.666666667,0.25,7.62074855,7.62074855,9.822968648,0.288976875,5,5,4,6,0.2,1.5,0,0,0.979604199,,0,0,6,1,,0.166666667,12.93797397,12.93797397,12.4290044,-0.039339202,8,8,15,8,0,0.533333333
(신)이마트 용인점,대형마트담당이마트,혼매경기팀,이마트,대형마트,0,0,0,,0,0,1,0,,0,1.455272125,1.455272125,-1.53318575,-2.05353887,1,1,2,-1,-2,-0.5,0,0,1.5393254,,0,0,2,1,,0.5,0,0,2.254546,,0,0,2,2,,1,1.455272125,1.455272125,2.26068565,0.553445305,1,1,7,2,1,0.285714286
(신)이마트 죽전점,대형마트담당이마트,혼매경기팀,이마트,대형마트,0.830701462,0.830701462,0,-1,1,1,10,0,-1,0,33.59463227,33.59463227,76.95789143,1.290779396,22,22,28,47,1.136363636,1.678571429,31.12270089,31.12270089,82.4610697,1.649547351,20,20,28,51,1.55,1.821428571,101.3364839,101.3364839,60.0921282,-0.407004014,105,105,43,64,-0.39047619,1.488372093,166.8845185,166.8845185,219.5110893,0.315347231,148,148,109,162,0.094594595,1.486238532
(신)이마트 광교점,대형마트담당이마트,혼매경기팀,이마트,대형마트,0,0,0,,0,0,1,0,,0,12.05125156,12.05125156,0,-1,7,7,4,0,-1,0,9.297514729,9.297514729,1.680617933,-0.819240089,6,6,4,1,-0.833333333,0.25,0,0,1.063636,,0,0,6,1,,0.166666667,21.34876629,21.34876629,2.744253933,-0.871456088,13,13,15,2,-0.846153846,0.133333333
(신)이마트 동백점,대형마트담당이마트,혼매경기팀,이마트,대형마트,0,0,0,,0,0,1,0,,0,1.749592683,1.749592683,1.53318575,-0.123689894,1,1,2,1,0,0.5,1.502805386,1.502805386,1.890909071,0.258252791,1,1,2,1,0,0.5,0.901728,0.901728,0,-1,1,1,3,0,-1,0,4.154126069,4.154126069,3.424094821,-0.175736421,3,3,8,2,-0.333333333,0.25
(신)이마트 보라점,대형마트담당이마트,혼매경기팀,이마트,대형마트,0,0,1.804110878,,0,0,1,1,,1,3.634544367,3.634544367,1.929819,-0.469034133,2,2,1,1,-0.5,1,0,0,0,,0,0,1,0,,0,0.90172765,0.90172765,0,-1,1,1,1,0,-1,0,4.536272017,4.536272017,3.733929878,-0.176872581,3,3,4,2,-0.333333333,0.5
(신)이마트 서수원점,대형마트담당이마트,혼매경기팀,이마트,대형마트,0,0,0,,0,0,2,0,,0,9.581909224,9.581909224,1.626431549,-0.83026018,6,6,5,1,-0.833333333,0.2,10.68804715,10.68804715,0.691819,-0.935271711,7,7,5,1,-0.857142857,0.2,1.869547891,1.869547891,0,-1,2,2,8,0,-1,0,22.13950427,22.13950427,2.318250549,-0.895288959,15,15,20,2,-0.866666667,0.1
일렉트로마트 STF화서,대형마트담당이마트,혼매경기팀,이마트,대형마트,0,0,5.341861665,,0,0,2,4,,2,8.200751395,8.200751395,1.146977784,-0.860137477,5,5,5,1,-0.8,0.2,3.005610771,3.005610771,15.89018728,4.286841341,2,2,5,9,3.5,1.8,1.71709165,1.71709165,3.234150199,0.883504703,2,2,8,3,0.5,0.375,12.92345382,12.92345382,25.61317693,0.981914223,9,9,20,17,0.888888889,0.85
신 홈플러스 서수원점,대형마트담당홈플러스,혼매경기팀,홈플러스,대형마트,0,0,0,,0,0,1,0,,0,0,0,0,,0,0,1,0,,0,0,0,0,,0,0,1,0,,0,0,0,0,,0,0,1,0,,0,0,0,0,,0,0,4,0,,0
신 홈플러스 대구수성점,경북대형마트담당홈플러스,혼매경북팀,홈플러스,대형마트,0,0,0,,0,0,1,0,,0,0,0,1.903837557,,0,0,4,1,,0.25,0,0,1.64585768,,0,0,1,1,,1,0,0,1.127273,,0,0,1,1,,1,0,0,4.676968237,,0,0,7,3,,0.428571429
신 홈플러스 상인점,경북대형마트담당홈플러스,혼매경북팀,홈플러스,대형마트,0,0,1.802550264,,0,0,1,1,,1,5.08325075,5.08325075,1.903837557,-0.625468494,3,3,4,1,-0.666666667,0.25,-1.4683629,-1.4683629,5.781819,-4.9375954,-1,-1,1,3,-4,3,0.877016875,0.877016875,0.919904,0.04890114,1,1,1,1,0,1,4.491904725,4.491904725,10.40811082,1.31708183,3,3,7,6,1,0.857142857
신 홈플러스 죽도점,경북대형마트담당홈플러스,혼매경북팀,홈플러스,대형마트,0,0,0,,0,0,1,0,,0,0,0,0,,0,0,1,0,,0,1.593775455,1.593775455,0,-1,1,1,1,0,-1,0,0,0,0,,0,0,1,0,,0,1.593775455,1.593775455,0,-1,1,1,4,0,-1,0
신 홈플러스 포항점,경북대형마트담당홈플러스,혼매경북팀,홈플러스,대형마트,0,0,0,,0,0,1,0,,0,0,0,0,,0,0,1,0,,0,0,0,0,,0,0,1,0,,0,0,0,0.872,,0,0,1,1,,1,0,0,0.872,,0,0,4,1,,0.25
(신)이마트 구미점,경북대형마트담당이마트,혼매경북팀,이마트,대형마트,3.155559385,3.155559385,0.866819955,-0.725303869,4,4,3,1,-0.75,0.333333333,14.99710158,14.99710158,3.780547,-0.747914823,9,9,7,2,-0.777777778,0.285714286,10.58132553,10.58132553,10.85360124,0.02573172,7,7,7,7,0,1,20.73973595,20.73973595,2.006705,-0.903243464,23,23,11,2,-0.913043478,0.181818182,49.47372245,49.47372245,17.5076732,-0.646121773,43,43,28,12,-0.720930233,0.428571429
(신)이마트 동구미점,경북대형마트담당이마트,혼매경북팀,이마트,대형마트,0.830701462,0.830701462,4.404570742,4.302230637,1,1,2,4,3,2,6.806721225,6.806721225,3.252863098,-0.522110133,4,4,5,2,-0.5,0.4,8.866481928,8.866481928,0,-1,6,6,5,0,-1,0,1.8034553,1.8034553,4.261251,1.36282596,2,2,7,4,1,0.571428571,18.30735992,18.30735992,11.91868484,-0.34896758,13,13,19,10,-0.230769231,0.526315789
(신)이마트 성서점,경북대형마트담당이마트,혼매경북팀,이마트,대형마트,0.830701462,0.830701462,0,-1,1,1,2,0,-1,0,6.315722651,6.315722651,0.680091189,-0.892317756,4,4,5,0,-1,0,1.624488043,1.624488043,7.283921257,3.483825713,1,1,5,5,4,1,0.967820241,0.967820241,0.990909,0.023856454,1,1,7,1,0,0.142857143,9.738732397,9.738732397,8.954921446,-0.080483878,7,7,19,6,-0.142857143,0.315789474
(신)이마트 영천점,경북대형마트담당이마트,혼매경북팀,이마트,대형마트,0,0,0,,0,0,1,0,,0,0,0,1.626431549,,0,0,2,1,,0.5,1.502805386,1.502805386,0,-1,1,1,2,0,-1,0,2.837368132,2.837368132,1.959208398,-0.30949799,3,3,2,2,-0.333333333,1,4.340173518,4.340173518,3.585639947,-0.173848711,4,4,7,3,-0.25,0.428571429
(신)이마트 칠성점,경북대형마트담당이마트,혼매경북팀,이마트,대형마트,1.661402924,1.661402924,4.475041711,1.693531862,2,2,3,3,0.5,1,17.25727384,17.25727384,13.59338447,-0.212309859,10,10,7,7,-0.3,1,10.51408636,10.51408636,11.7717102,0.119613231,7,7,7,7,0,1,1.869547891,1.869547891,5.579604324,1.984467181,2,2,11,5,1.5,0.454545455,31.30231102,31.30231102,35.41974071,0.131537562,21,21,28,22,0.047619048,0.785714286
(신)이마트 E/T비산점,경북대형마트담당이마트,혼매경북팀,이마트,대형마트,4.153507309,4.153507309,3.608221756,-0.131283157,5,5,4,2,-0.6,0.5,18.49488046,18.49488046,5.533763625,-0.700794842,11,11,10,3,-0.727272727,0.3,7.050176991,7.050176991,6.813672233,-0.033545932,5,5,10,4,-0.2,0.4,1.869547891,1.869547891,2.106877199,0.12694476,2,2,15,2,0,0.133333333,31.56811265,31.56811265,18.06253481,-0.427823418,23,23,39,11,-0.52173913,0.282051282
(신)이마트 김천점,경북대형마트담당이마트,혼매경북팀,이마트,대형마트,0,0,0.866819955,,0,0,1,1,,1,5.38413705,5.38413705,5.210728719,-0.032207265,3,3,3,3,0,1,5.982644723,5.982644723,9.692599171,0.620119466,4,4,3,6,0.5,2,1.8034553,1.8034553,0,-1,2,2,4,0,-1,0,13.17023707,13.17023707,15.77014785,0.197408047,9,9,11,10,0.111111111,0.909090909
(신)이마트 만촌점,경북대형마트담당이마트,혼매경북팀,이마트,대형마트,2.157611462,2.157611462,0,-1,3,3,3,0,-1,0,9.678469681,9.678469681,8.197503892,-0.153016524,6,6,9,5,-0.166666667,0.555555556,7.614887124,7.614887124,5.165398333,-0.321671057,6,6,9,3,-0.5,0.333333333,1.8034553,1.8034553,0.979604199,-0.456818143,2,2,15,1,-0.5,0.066666667,21.25442357,21.25442357,14.34250642,-0.325198993,17,17,36,9,-0.470588235,0.25
(신)이마트 반야월점,경북대형마트담당이마트,혼매경북팀,이마트,대형마트,0,0,0.866819955,,0,0,2,1,,0.5,0,0,3.314137469,,0,0,4,2,,0.5,4.502864813,4.502864813,7.84884259,0.743077555,3,3,4,5,0.666666667,1.25,0.90172765,0.90172765,0.979604199,0.086363714,1,1,7,1,0,0.142857143,5.404592463,5.404592463,13.00940421,1.407101793,4,4,17,9,1.25,0.529411765
(신)이마트 상주점,경북대형마트담당이마트,혼매경북팀,이마트,대형마트,0.830701462,0.830701462,0,-1,1,1,1,0,-1,0,1.132546,1.132546,0,-1,1,1,3,0,-1,0,1.305819118,1.305819118,4.900561267,2.752863777,1,1,3,3,2,1,0.90172765,0.90172765,2.254546,1.5002516,1,1,5,2,1,0.4,4.17079423,4.17079423,7.155107267,0.715526318,4,4,12,5,0.25,0.416666667
(신)이마트 경산점,경북대형마트담당이마트,혼매경북팀,이마트,대형마트,2.492104385,2.492104385,2.670930833,0.071757206,3,3,2,2,-0.333333333,1,6.705585908,6.705585908,3.406637125,-0.491970251,4,4,6,2,-0.5,0.333333333,5.43509864,5.43509864,7.922648214,0.457682507,4,4,6,5,0.25,0.833333333,3.6069106,3.6069106,1.127273,-0.68746855,4,4,10,1,-0.75,0.1,18.23969953,18.23969953,15.12748917,-0.170628379,15,15,24,10,-0.333333333,0.416666667
(신)이마트 월배점,경북대형마트담당이마트,혼매경북팀,이마트,대형마트,0.830701462,0.830701462,5.412332634,5.515376319,1,1,3,3,2,1,8.235977354,8.235977354,3.921739272,-0.523828308,5,5,7,2,-0.6,0.285714286,13.80593089,13.80593089,5.291600767,-0.616715395,9,9,7,3,-0.666666667,0.428571429,2.771275541,2.771275541,7.347732398,1.651390051,3,3,11,7,1.333333333,0.636363636,25.64388525,25.64388525,21.97340507,-0.143132764,18,18,28,15,-0.166666667,0.535714286
(신)이마트 이동점,경북대형마트담당이마트,혼매경북팀,이마트,대형마트,0.830701462,0.830701462,0,-1,1,1,2,0,-1,0,7.866540225,7.866540225,7.104897175,-0.096820588,5,5,5,4,-0.2,0.8,7.742431208,7.742431208,4.381603609,-0.434079104,5,5,5,3,-0.4,0.6,0.90172765,0.90172765,0.979604199,0.086363714,1,1,8,1,0,0.125,17.34140055,17.34140055,12.46610498,-0.281136207,12,12,20,8,-0.333333333,0.4
(신)이마트 포항점,경북대형마트담당이마트,혼매경북팀,이마트,대형마트,1.661402924,1.661402924,4.475041711,1.693531862,2,2,2,3,0.5,1.5,12.1876899,12.1876899,4.06673975,-0.666323989,7,7,6,2,-0.714285714,0.333333333,14.66962051,14.66962051,5.39404876,-0.632298003,10,10,6,3,-0.7,0.5,1.8034553,1.8034553,0.979604199,-0.456818143,2,2,10,1,-0.5,0.1,30.32216863,30.32216863,14.91543442,-0.50810133,21,21,24,9,-0.571428571,0.375
신 홈플러스 경산점,경북대형마트담당홈플러스,혼매경북팀,홈플러스,대형마트,1.694145306,1.694145306,0,-1,2,2,1,0,-1,0,3.256591268,3.256591268,2.144974446,-0.341343672,2,2,4,0,-1,0,3.8425949,3.8425949,-3.538915727,-1.920970287,3,3,1,-2,-1.666666667,-2,0,0,-0.072096,,0,0,1,0,,0,8.793331474,8.793331474,-1.466037281,-1.166721485,7,7,7,-2,-1.285714286,-0.285714286
신 홈플러스 문경점,경북대형마트담당홈플러스,혼매경북팀,홈플러스,대형마트,0,0,0,,0,0,1,0,,0,0,0,0,,0,0,1,0,,0,0,0,0,,0,0,1,0,,0,0,0,0,,0,0,1,0,,0,0,0,0,,0,0,4,0,,0
신 홈플러스 안동점,경북대형마트담당홈플러스,혼매경북팀,홈플러스,대형마트,0.847072653,0.847072653,0.66351,-0.216702372,1,1,1,1,0,1,0,0,3.807675114,,0,0,4,2,,0.5,1.4683629,1.4683629,1.634182,0.112927874,1,1,1,1,0,1,0,0,0.992,,0,0,1,1,,1,2.315435553,2.315435553,7.097367114,2.065240622,2,2,7,5,1.5,0.714285714
신 홈플러스 영주점,경북대형마트담당홈플러스,혼매경북팀,홈플러스,대형마트,0,0,0.802838875,,0,0,1,1,,1,1.501455,1.501455,3.807675114,1.535990166,1,1,1,2,1,2,1.593775455,1.593775455,3.19023128,1.001681774,1,1,1,2,1,2,0.877,0.877,0.992,0.131128848,1,1,1,1,0,1,3.972230455,3.972230455,8.792745269,1.213553662,3,3,4,6,1,1.5
전자랜드 안양비산점,강남/경기양판담당전자랜드,혼매강남팀,전자랜드,양판,3.658179715,3.658179715,2.764176105,-0.244384825,1,1,3,2,1,0.666666667,5.323637793,5.323637793,3.112728,-0.415300567,3,3,3,2,-0.333333333,0.666666667,2.814546971,2.814546971,4.1128605,0.461286858,2,2,2,2,0,1,2.526818719,2.526818719,1.884961386,-0.254017959,3,3,4,2,-0.333333333,0.5,14.3231832,14.3231832,11.87472599,-0.17094365,9,9,12,8,-0.111111111,0.666666667
전자랜드 가든파이브점,강남/경기양판담당전자랜드,혼매강남팀,전자랜드,양판,0,0,-0.334473,,0,0,2,0,,0,3.476364911,3.476364911,2.304971778,-0.336959198,2,2,2,1,-0.5,0.5,4.559999979,4.559999979,1.556364,-0.658692104,3,3,2,1,-0.666666667,0.5,4.211364531,4.211364531,1.884961386,-0.552410775,5,5,3,2,-0.6,0.666666667,12.24772942,12.24772942,5.411824164,-0.558136535,10,10,9,4,-0.6,0.444444444
전자랜드 경기광주점,강남/경기양판담당전자랜드,혼매강남팀,전자랜드,양판,3.927270386,3.927270386,1.804342046,-0.540560779,5,5,4,1,-0.8,0.25,14.1236405,14.1236405,5.03272744,-0.643666416,8,8,4,3,-0.625,0.75,10.71272793,10.71272793,3.14909195,-0.706042012,7,7,3,2,-0.714285714,0.666666667,5.895910344,5.895910344,4.597234176,-0.220267286,7,7,6,5,-0.285714286,0.833333333,34.65954916,34.65954916,14.58339561,-0.579238739,27,27,17,11,-0.592592593,0.647058824
전자랜드 발안점,강남/경기양판담당전자랜드,혼매경기팀,전자랜드,양판,0,0,1.804342046,,0,0,2,1,,0.5,0,0,1.84727272,,0,0,2,1,,0.5,1.556363982,1.556363982,-1.8897415,-2.214202797,1,1,1,-1,-2,-1,0.842272906,0.842272906,3.012234386,2.576316375,1,1,2,3,2,1.5,2.398636888,2.398636888,4.774107652,0.990341963,2,2,7,4,1,0.571428571
전자랜드 오산점,강남/경기양판담당전자랜드,혼매경기팀,전자랜드,양판,1.503636715,1.503636715,0.785456025,-0.477629126,1,1,3,1,0,0.333333333,10.64727559,10.64727559,5.869089174,-0.448770803,6,6,4,3,-0.5,0.75,8.39273241,8.39273241,0,-1,8,8,3,0,-1,0,8.422729063,8.422729063,2.827442079,-0.664308081,10,10,5,3,-0.7,0.6,28.96637378,28.96637378,9.481987278,-0.672655357,25,25,15,7,-0.72,0.466666667
전자랜드 평택본점,강남/경기양판담당전자랜드,혼매경기팀,전자랜드,양판,1.368000783,1.368000783,4.394140118,2.212088891,2,2,3,3,0.5,1,3.859964431,3.859964431,3.440000294,-0.108800002,1,1,3,2,1,0.666666667,4.717686437,4.717686437,4.0933785,-0.132333496,3,3,3,3,0,1,3.369091625,3.369091625,3.769922771,0.118973062,4,4,4,4,0,1,13.31474328,13.31474328,15.69744168,0.178951884,10,10,13,12,0.2,0.923076923
전자랜드 경산점,경북양판담당전자랜드,혼매경북팀,전자랜드,양판,0,0,0.844364,,0,0,2,1,,0.5,1.70181898,1.70181898,4.669091294,1.743588683,1,1,2,3,2,1.5,1.519999993,1.519999993,3.447273,1.267942774,1,1,2,2,1,1,0,0,0,,0,0,3,0,,0,3.221818973,3.221818973,8.960728294,1.781263742,2,2,9,6,2,0.666666667
전자랜드 안동점_가전,경북양판담당전자랜드,혼매경북팀,전자랜드,양판,0,0,2.589798071,,0,0,2,2,,1,1.774545931,1.774545931,3.33090972,0.877049031,1,1,3,2,1,0.666666667,1.519999993,1.519999993,3.14909195,1.071771029,1,1,2,2,1,1,0.842272906,0.842272906,4.612195533,4.475892077,1,1,4,5,4,1.25,4.13681883,4.13681883,13.68199527,2.307371155,3,3,11,11,2.666666667,1
전자랜드 우현점_가전,경북양판담당전자랜드,혼매경북팀,전자랜드,양판,3.454182565,3.454182565,1.804342046,-0.477635588,4,4,3,1,-0.75,0.333333333,3.549091862,3.549091862,-2.218182,-1.624999883,2,2,3,-1,-1.5,-0.333333333,3.039999986,3.039999986,1.796364,-0.409090787,2,2,3,1,-0.5,0.333333333,3.579545813,3.579545813,0.942480693,-0.736703833,3,3,5,1,-0.666666667,0.2,13.62282023,13.62282023,2.325004739,-0.829330146,11,11,14,2,-0.818181818,0.142857143
전자랜드 현대시티아울렛 대구점,경북양판담당전자랜드,혼매경북팀,전자랜드,양판,0.785455715,0.785455715,2.769794971,2.526354087,1,1,2,2,1,1,3.549091862,3.549091862,5.54181816,0.561474984,2,2,2,3,0.5,1.5,4.450909986,4.450909986,10.004939,1.247841235,3,3,2,6,1,3,2.588636813,2.588636813,3.669715079,0.417624543,3,3,4,4,0.333333333,1,11.37409438,11.37409438,21.98626721,0.933012553,9,9,10,15,0.666666667,1.5
전자랜드 광평점_가전,경북양판담당전자랜드,혼매경북팀,전자랜드,양판,0.785455715,0.785455715,3.788680993,3.823545008,1,1,3,2,1,0.666666667,3.549091862,3.549091862,4.152244498,0.169945625,2,2,3,2,0,0.666666667,4.912791611,4.912791611,0,-1,2,2,3,0,-1,0,2.526818719,2.526818719,0,-1,3,3,5,0,-1,0,11.77415791,11.77415791,7.940925491,-0.325563191,8,8,14,4,-0.5,0.285714286
전자랜드 김천점,경북양판담당전자랜드,혼매경북팀,전자랜드,양판,0,0,0,,0,0,1,0,,0,3.549091862,3.549091862,0,-1,2,2,2,0,-1,0,1.519999993,1.519999993,0,-1,1,1,1,0,-1,0,1.684545813,1.684545813,0,-1,2,2,2,0,-1,0,6.753637668,6.753637668,0,-1,5,5,6,0,-1,0
전자랜드 오광장점_가전,경북양판담당전자랜드,혼매경북팀,전자랜드,양판,5.093455213,5.093455213,1.804342046,-0.64575284,4,4,8,1,-0.75,0.125,24.90182777,24.90182777,3.883636294,-0.844042119,16,16,9,3,-0.8125,0.333333333,17.49831116,17.49831116,14.951695,-0.145534968,9,9,8,9,0,1.125,19.37227684,19.37227684,2.827442079,-0.854046992,23,23,13,3,-0.869565217,0.230769231,66.86587098,66.86587098,23.46711542,-0.649041954,52,52,38,16,-0.692307692,0.421052632
전자랜드 죽전점_가전,경북양판담당전자랜드,혼매경북팀,전자랜드,양판,3.497528109,3.497528109,4.394140118,0.256355912,3,3,5,3,0,0.6,16.1800776,16.1800776,8.327271471,-0.485337977,8,8,6,5,-0.375,0.833333333,4.000001989,4.000001989,12.26299035,2.065746063,3,3,5,8,1.666666667,1.6,5.895910344,5.895910344,9.424806929,0.598532946,7,7,8,10,0.428571429,1.25,29.57351804,29.57351804,34.40920887,0.163514223,21,21,24,26,0.238095238,1.083333333
(신)이마트 E/T천안아산점,충청담당이마트,혼매충청팀(A),이마트,대형마트,4.649715847,4.649715847,3.537750787,-0.239146885,6,6,4,3,-0.5,0.75,9.896135183,9.896135183,12.99281395,0.312917994,6,6,11,7,0.166666667,0.636363636,10.8564566,10.8564566,6.2813402,-0.421418937,7,7,12,4,-0.428571429,0.333333333,0.90172765,0.90172765,1.859036199,1.061638233,1,1,18,2,1,0.111111111,26.30403528,26.30403528,24.67094114,-0.062085308,20,20,45,16,-0.2,0.355555556
(신)이마트 아산점,충청담당이마트,혼매충청팀(A),이마트,대형마트,1.661402924,1.661402924,0,-1,2,2,1,0,-1,0,1.455272125,1.455272125,0,-1,1,1,2,0,-1,0,4.316534503,4.316534503,3.515455071,-0.185583929,3,3,2,2,-0.333333333,1,0,0,0,,0,0,4,0,,0,7.433209552,7.433209552,3.515455071,-0.527060949,6,6,9,2,-0.666666667,0.222222222
(신)이마트 천안점,충청담당이마트,혼매충청팀(A),이마트,대형마트,2.324857924,2.324857924,5.516332387,1.372761075,3,3,3,4,0.333333333,1.333333333,11.5905167,11.5905167,8.904932836,-0.231705275,7,7,8,5,-0.285714286,0.625,10.92975713,10.92975713,1.680617933,-0.84623465,8,8,8,1,-0.875,0.125,6.444278732,6.444278732,2.106877199,-0.673062373,7,7,13,2,-0.714285714,0.153846154,31.28941049,31.28941049,18.20876036,-0.418053582,25,25,32,12,-0.52,0.375
신 홈플러스 청주성안점,충청담당홈플러스,혼매충청팀(A),홈플러스,대형마트,0,0,0,,0,0,1,0,,0,0,0,1.903837557,,0,0,1,1,,1,0,0,0,,0,0,1,0,,0,0,0,0,,0,0,1,0,,0,0,0,1.903837557,,0,0,4,1,,0.25
(신)이마트 천안서북점,충청담당이마트,혼매충청팀(A),이마트,대형마트,2.988312924,2.988312924,6.006530587,1.010007231,4,4,2,5,0.25,2.5,14.96147141,14.96147141,1.930656957,-0.870958083,9,9,6,1,-0.888888889,0.166666667,18.19652273,18.19652273,6.891460023,-0.621275992,12,12,6,4,-0.666666667,0.666666667,0.90172765,0.90172765,1.127273,0.2501258,1,1,10,1,0,0.1,37.04803471,37.04803471,15.95592057,-0.56931803,26,26,24,11,-0.576923077,0.458333333
(신)이마트 천안터미널점,충청담당이마트,혼매충청팀(A),이마트,대형마트,0.830701462,0.830701462,0,-1,1,1,1,0,-1,0,0,0,0,,0,0,2,0,,0,3.117883737,3.117883737,3.174737395,0.018234695,2,2,2,2,0,1,0,0,0,,0,0,3,0,,0,3.948585199,3.948585199,3.174737395,-0.195981032,3,3,8,2,-0.333333333,0.25
신 홈플러스 동청주점,충청담당홈플러스,혼매충청팀(A),홈플러스,대형마트,1.46925632,1.46925632,3.588225014,1.44220492,2,2,1,3,0.5,3,1.928813996,1.928813996,5.808610446,2.01149331,1,1,3,3,2,1,1.4683629,1.4683629,4.181059575,1.847429321,1,1,1,3,2,3,0,0,2.119273,,0,0,1,2,,2,4.866433216,4.866433216,15.69716804,2.225600218,4,4,6,11,1.75,1.833333333
(신)이마트 서산점,충청담당이마트,혼매충청팀(A),이마트,대형마트,0.830701462,0.830701462,3.608221756,3.343584213,1,1,1,2,1,2,3.165320683,3.165320683,4.676043875,0.477273346,2,2,3,3,0.5,1,3.061747254,3.061747254,0,-1,2,2,3,0,-1,0,2.771275541,2.771275541,0,-1,3,3,4,0,-1,0,9.82904494,9.82904494,8.284265631,-0.157164742,8,8,11,5,-0.375,0.454545455
(신)이마트 청주점,충청담당이마트,혼매충청팀(A),이마트,대형마트,0.830701462,0.830701462,2.670930833,2.215271617,1,1,2,2,1,1,20.29776448,20.29776448,3.314137469,-0.836724016,13,13,7,2,-0.846153846,0.285714286,13.58648957,13.58648957,1.680617933,-0.876302269,9,9,7,1,-0.888888889,0.142857143,0.815364,0.815364,1.127273,0.382539577,1,1,10,1,0,0.1,35.53031951,35.53031951,8.792959235,-0.752522371,24,24,26,6,-0.75,0.230769231
(신)이마트 충주점,충청담당이마트,혼매충청팀(A),이마트,대형마트,3.155559385,3.155559385,1.984107678,-0.371234245,4,4,2,1,-0.75,0.5,9.964582551,9.964582551,5.151272567,-0.483041809,6,6,4,3,-0.5,0.75,4.414208254,4.414208254,5.030861814,0.139697433,3,3,4,3,0,0.75,1.8034553,1.8034553,1.851604199,0.026698138,2,2,7,2,0,0.285714286,19.33780549,19.33780549,14.01784626,-0.275106668,15,15,17,9,-0.4,0.529411765
신 홈플러스 천안점,충청담당홈플러스,혼매충청팀(A),홈플러스,대형마트,0,0,0,,0,0,1,0,,0,1.501455,1.501455,0,-1,1,1,2,0,-1,0,3.187550909,3.187550909,1.500393438,-0.529295851,2,2,1,1,-0.5,1,0,0,0,,0,0,1,0,,0,4.689005909,4.689005909,1.500393438,-0.680018864,3,3,5,1,-0.666666667,0.2
(신)이마트 보령점,충청담당이마트,혼매충청팀(A),이마트,대형마트,0,0,0,,0,0,1,0,,0,0,0,1.626431549,,0,0,1,1,,1,1.558941869,1.558941869,0.691819,-0.556225274,1,1,1,1,0,1,2.598548241,2.598548241,0,-1,3,3,2,0,-1,0,4.15749011,4.15749011,2.318250549,-0.442391807,4,4,5,2,-0.5,0.4
신 홈플러스 논산점,충청담당홈플러스,혼매충청팀(A),홈플러스,대형마트,0.847072653,0.847072653,0.802838875,-0.05221958,1,1,1,1,0,1,0,0,1.903837557,,0,0,2,1,,0.5,0.679637,0.679637,1.596,1.348312408,1,1,1,1,0,1,0,0,0,,0,0,1,0,,0,1.526709653,1.526709653,4.302676432,1.818267654,2,2,5,3,0.5,0.6
신 홈플러스 보령점,충청담당홈플러스,혼매충청팀(A),홈플러스,대형마트,0,0,0,,0,0,1,0,,0,0,0,2.2823,,0,0,1,1,,1,0,0,0,,0,0,1,0,,0,0,0,0.919904,,0,0,1,1,,1,0,0,3.202204,,0,0,4,2,,0.5
신 홈플러스 오창점,충청담당홈플러스,혼매충청팀(A),홈플러스,대형마트,0.847072653,0.847072653,0,-1,1,1,1,0,-1,0,3.283086996,3.283086996,0.12191,-0.962867265,2,2,3,0,-1,0,0,0,5.020370727,,0,0,1,3,,3,0,0,0,,0,0,1,0,,0,4.130159649,4.130159649,5.142280727,0.245056163,3,3,6,3,0,0.5
전자랜드 분평점_가전,충청담당전자랜드,혼매충청팀(A),전자랜드,양판,2.221817715,2.221817715,7.949391114,2.577877276,1,1,4,6,5,1.5,8.581820724,8.581820724,10.5732114,0.232047574,5,5,4,6,0.2,1.5,1.872791625,1.872791625,10.894548,4.817277189,0,0,4,7,,1.75,0,0,5.839676464,,0,0,6,6,,1,12.67643006,12.67643006,35.25682698,1.781289907,6,6,18,25,3.166666667,1.388888889
전자랜드 쌍용점_가전,충청담당전자랜드,혼매충청팀(A),전자랜드,양판,0.718181,0.718181,1.804342046,1.512377863,0,0,3,1,,0.333333333,4.878255,4.878255,3.221818294,-0.33955517,2,2,3,2,0,0.666666667,0.036363982,0.036363982,4.7418199,129.3988078,0,0,3,3,,1,0,0,3.769922771,,0,0,4,4,,1,5.632799982,5.632799982,13.53790301,1.403405598,2,2,13,10,4,0.769230769
전자랜드 천안메가마트점,충청담당전자랜드,혼매충청팀(A),전자랜드,양판,0,0,0.785456025,,0,0,1,1,,1,0,0,0,,0,0,1,0,,0,0,0,0,,0,0,1,0,,0,0,0,0,,0,0,1,0,,0,0,0,0.785456025,,0,0,4,1,,0.25
전자랜드 커넥트현대 청주점,충청담당전자랜드,혼매충청팀(A),전자랜드,양판,0,0,1.804342046,,0,0,4,1,,0.25,0,0,5.249575794,,0,0,4,3,,0.75,0,0,-2.90909195,,0,0,4,-2,,-0.5,0,0,2.108143456,,0,0,6,2,,0.333333333,0,0,6.252969346,,0,0,18,4,,0.222222222
전자랜드 서산점,충청담당전자랜드,혼매충청팀(A),전자랜드,양판,0.718181,0.718181,0.1799969,-0.74937112,0,0,2,0,,0,-1.70181898,-1.70181898,3.970426072,-3.333048414,-1,-1,2,2,-3,1,0,0,1.556364,,0,0,2,1,,0.5,0,0,0,,0,0,3,0,,0,-0.98363798,-0.98363798,5.706786972,-6.801714745,-1,-1,9,3,-4,0.333333333
전자랜드 아산점_가전,충청담당전자랜드,혼매충청팀(A),전자랜드,양판,2.154543,2.154543,0.785456025,-0.635441936,0,0,1,1,,1,0,0,-1.84727272,,0,0,2,-1,,-0.5,0,0,0,,0,0,1,0,,0,0.904091,0.904091,0,-1,1,1,2,0,-1,0,3.058634,3.058634,-1.061816695,-1.347153891,1,1,6,0,-1,0
전자랜드 홍성점,충청담당전자랜드,혼매충청팀(A),전자랜드,양판,1.436362,1.436362,1.275711025,-0.111845743,0,0,1,2,,2,0,0,1.84727272,,0,0,1,1,,1,0,0,0,,0,0,1,0,,0,0,0,0.942480693,,0,0,2,1,,0.5,1.436362,1.436362,4.065464438,1.830389859,0,0,5,4,,0.8
(신)이마트 과천점,,혼매강남팀,이마트,대형마트,0,0,0,,0,0,0,0,,,0,0,0,,0,0,0,0,,,0,0,0,,0,0,0,0,,,0,0,0,,0,0,0,0,,,0,0,0,,0,0,0,0,,
(신)이마트 역삼점,,혼매강남팀,이마트,대형마트,0,0,0,,0,0,0,0,,,1.850728,1.850728,0,-1,1,1,0,0,-1,,1.502805386,1.502805386,0,-1,1,1,0,0,-1,,1.8034553,1.8034553,0,-1,2,2,0,0,-1,,5.156988686,5.156988686,0,-1,4,4,0,0,-1,
스타필드하남 몰리스샵점,,혼매강남팀,이마트,대형마트,0,0,0,,0,0,0,0,,,0,0,0,,0,0,0,0,,,0,0,0,,0,0,0,0,,,0,0,0,,0,0,0,0,,,0,0,0,,0,0,0,0,,
이마트 스타필드시티위례점,,혼매강남팀,이마트,대형마트,0,0,0,,0,0,0,0,,,0,0,0,,0,0,0,0,,,0,0,0,,0,0,0,0,,,0,0,0,,0,0,0,0,,,0,0,0,,0,0,0,0,,
이마트 일렉트로마트 의왕점,,혼매강남팀,이마트,대형마트,0,0,0,,0,0,0,0,,,0,0,0,,0,0,0,0,,,0,0,0,,0,0,0,0,,,0,0,0,,0,0,0,0,,,0,0,0,,0,0,0,0,,
신 홈플러스 안양점,,혼매강남팀,홈플러스,대형마트,0,0,0,,0,0,0,0,,,0,0,0,,0,0,0,0,,,0,0,0,,0,0,0,0,,,0,0,0,,0,0,0,0,,,0,0,0,,0,0,0,0,,
신 홈플러스 안산고잔점,,혼매경기팀,홈플러스,대형마트,3.782614126,3.782614126,0,-1,5,5,0,0,-1,,5.786441987,5.786441987,0,-1,3,3,0,0,-1,,8.0214515,8.0214515,0,-1,6,6,0,0,-1,,0,0,0,,0,0,0,0,,,17.59050761,17.59050761,0,-1,14,14,0,0,-1,
신 홈플러스 안산선부점,,혼매경기팀,홈플러스,대형마트,3.388290612,3.388290612,0,-1,4,4,0,0,-1,,11.74796004,11.74796004,0,-1,7,7,0,0,-1,,8.322781364,8.322781364,0,-1,4,4,0,0,-1,,4.7412065,4.7412065,0,-1,4,4,0,0,-1,,28.20023852,28.20023852,0,-1,19,19,0,0,-1,
신 홈플러스 화성동탄점,,혼매경기팀,홈플러스,대형마트,0,0,0,,0,0,0,0,,,0,0,0,,0,0,0,0,,,0,0,0,,0,0,0,0,,,0,0,0,,0,0,0,0,,,0,0,0,,0,0,0,0,,
(신)이마트 감삼점,,혼매경북팀,이마트,대형마트,0,0,0,,0,0,0,0,,,0,0,0,,0,0,0,0,,,0,0,0,,0,0,0,0,,,0,0,0,,0,0,0,0,,,0,0,0,,0,0,0,0,,
(신)이마트 안동점,,혼매경북팀,이마트,대형마트,0,0,0,,0,0,0,0,,,0,0,0,,0,0,0,0,,,0,0,0,,0,0,0,0,,,0,0,0,,0,0,0,0,,,0,0,0,,0,0,0,0,,
신 홈플러스 내당점,,혼매경북팀,홈플러스,대형마트,0.847072653,0.847072653,0,-1,1,1,0,0,-1,,1.501455,1.501455,0,-1,1,1,0,0,-1,,0,0,0,,0,0,0,0,,,0,0,0,,0,0,0,0,,,2.348527653,2.348527653,0,-1,2,2,0,0,-1,
신 홈플러스 대구스타디움점,,혼매경북팀,홈플러스,대형마트,0,0,0,,0,0,0,0,,,0,0,0,,0,0,0,0,,,0,0,0,,0,0,0,0,,,0,0,0,,0,0,0,0,,,0,0,0,,0,0,0,0,,
신 홈플러스 동촌점,,혼매경북팀,홈플러스,대형마트,0,0,0,,0,0,0,0,,,1.501455,1.501455,0,-1,1,1,0,0,-1,,0,0,0,,0,0,0,0,,,0.990909,0.990909,0,-1,0,0,0,0,,,2.492364,2.492364,0,-1,1,1,0,0,-1,
전자랜드 NC평촌점,,혼매강남팀,전자랜드,양판,0,0,0,,0,0,0,0,,,0,0,0,,0,0,0,0,,,0,0,0,,0,0,0,0,,,0,0,0,,0,0,0,0,,,0,0,0,,0,0,0,0,,
전자랜드 길동점,,혼매강남팀,전자랜드,양판,0,0,0,,0,0,0,0,,,0,0,0,,0,0,0,0,,,0,0,0,,0,0,0,0,,,0,0,0,,0,0,0,0,,,0,0,0,,0,0,0,0,,
전자랜드 반포점,,혼매강남팀,전자랜드,양판,0,0,0,,0,0,0,0,,,0,0,0,,0,0,0,0,,,0,0,0,,0,0,0,0,,,0,0,0,,0,0,0,0,,,0,0,0,,0,0,0,0,,
전자랜드 분당본점,,혼매강남팀,전자랜드,양판,0,0,0,,0,0,0,0,,,0,0,0,,0,0,0,0,,,0,0,0,,0,0,0,0,,,0,0,0,,0,0,0,0,,,0,0,0,,0,0,0,0,,
전자랜드 양재하나로마트점,,혼매강남팀,전자랜드,양판,0,0,0,,0,0,0,0,,,0,0,0,,0,0,0,0,,,0,0,0,,0,0,0,0,,,0,0,0,,0,0,0,0,,,0,0,0,,0,0,0,0,,
전자랜드 봉담하나로점,,혼매경기팀,전자랜드,양판,0,0,0,,0,0,0,0,,,0,0,0,,0,0,0,0,,,0,0,0,,0,0,0,0,,,0,0,0,,0,0,0,0,,,0,0,0,,0,0,0,0,,
전자랜드 서수원점,,혼매경기팀,전자랜드,양판,0,0,0,,0,0,0,0,,,0,0,0,,0,0,0,0,,,0,0,0,,0,0,0,0,,,0,0,0,,0,0,0,0,,,0,0,0,,0,0,0,0,,
전자랜드 수원정자점,,혼매경기팀,전자랜드,양판,0,0,0,,0,0,0,0,,,0,0,0,,0,0,0,0,,,0,0,0,,0,0,0,0,,,0,0,0,,0,0,0,0,,,0,0,0,,0,0,0,0,,
전자랜드 G7스퀘어점,,혼매경북팀,전자랜드,양판,0,0,0,,0,0,0,0,,,0,0,0,,0,0,0,0,,,0,0,0,,0,0,0,0,,,0,0,0,,0,0,0,0,,,0,0,0,,0,0,0,0,,
전자랜드 경주점,,혼매경북팀,전자랜드,양판,0,0,0,,0,0,0,0,,,0,0,0,,0,0,0,0,,,0,0,0,,0,0,0,0,,,0,0,0,,0,0,0,0,,,0,0,0,,0,0,0,0,,
전자랜드 달성하나로마트점,,혼매경북팀,전자랜드,양판,0,0,0,,0,0,0,0,,,0,0,0,,0,0,0,0,,,0,0,0,,0,0,0,0,,,0,0,0,,0,0,0,0,,,0,0,0,,0,0,0,0,,
전자랜드 송현점,,혼매경북팀,전자랜드,양판,0,0,0,,0,0,0,0,,,0,0,0,,0,0,0,0,,,0,0,0,,0,0,0,0,,,0,0,0,,0,0,0,0,,,0,0,0,,0,0,0,0,,
전자랜드 수성점_가전,,혼매경북팀,전자랜드,양판,0,0,0,,0,0,0,0,,,0,0,0,,0,0,0,0,,,0,0,0,,0,0,0,0,,,0,0,0,,0,0,0,0,,,0,0,0,,0,0,0,0,,
전자랜드 영일대점,,혼매경북팀,전자랜드,양판,0,0,0,,0,0,0,0,,,0,0,0,,0,0,0,0,,,0,0,0,,0,0,0,0,,,0,0,0,,0,0,0,0,,,0,0,0,,0,0,0,0,,
전자랜드 영주점,,혼매경북팀,전자랜드,양판,0,0,0,,0,0,0,0,,,0,0,0,,0,0,0,0,,,0,0,0,,0,0,0,0,,,0,0,0,,0,0,0,0,,,0,0,0,,0,0,0,0,,
전자랜드 칠곡점_가전,,혼매경북팀,전자랜드,양판,0,0,0,,0,0,0,0,,,0,0,0,,0,0,0,0,,,0,0,0,,0,0,0,0,,,0,0,0,,0,0,0,0,,,0,0,0,,0,0,0,0,,
전자랜드 형곡우리마트점,,혼매경북팀,전자랜드,양판,0,0,0,,0,0,0,0,,,0,0,0,,0,0,0,0,,,0,0,0,,0,0,0,0,,,0,0,0,,0,0,0,0,,,0,0,0,,0,0,0,0,,
전자랜드 동아쇼핑점,,혼매경북팀,전자랜드,양판,0,0,0,,0,0,0,0,,,0,0,0,,0,0,0,0,,,0,0,0,,0,0,0,0,,,0,0,0,,0,0,0,0,,,0,0,0,,0,0,0,0,,
전자랜드대구탑마트점  무인,,혼매경북팀,전자랜드,양판,0,0,0,,0,0,0,0,,,0,0,0,,0,0,0,0,,,0,0,0,,0,0,0,0,,,0,0,0,,0,0,0,0,,,0,0,0,,0,0,0,0,,
(신)이마트 펜타포트점,,혼매충청팀(A),이마트,대형마트,0,0,0,,0,0,0,0,,,0,0,0,,0,0,0,0,,,0,0,0,,0,0,0,0,,,0,0,0,,0,0,0,0,,,0,0,0,,0,0,0,0,,
신 홈플러스 천안신방점,,혼매충청팀(A),홈플러스,대형마트,0,0,0,,0,0,0,0,,,3.430268996,3.430268996,0,-1,2,2,0,0,-1,,0,0,0,,0,0,0,0,,,0,0,0,,0,0,0,0,,,3.430268996,3.430268996,0,-1,2,2,0,0,-1,
전자랜드 공주점,,혼매충청팀(A),전자랜드,양판,0,0,0,,0,0,0,0,,,0,0,0,,0,0,0,0,,,0,0,0,,0,0,0,0,,,0,0,0,,0,0,0,0,,,0,0,0,,0,0,0,0,,
전자랜드 내포하나로마트점,,혼매충청팀(A),전자랜드,양판,0,0,0,,0,0,0,0,,,0,0,0,,0,0,0,0,,,0,0,0,,0,0,0,0,,,0,0,0,,0,0,0,0,,,0,0,0,,0,0,0,0,,
전자랜드 논산점,,혼매충청팀(A),전자랜드,양판,0,0,0,,0,0,0,0,,,0,0,0,,0,0,0,0,,,0,0,0,,0,0,0,0,,,0,0,0,,0,0,0,0,,,0,0,0,,0,0,0,0,,
전자랜드 보령점,,혼매충청팀(A),전자랜드,양판,0,0,0,,0,0,0,0,,,0,0,0,,0,0,0,0,,,0,0,0,,0,0,0,0,,,0,0,0,,0,0,0,0,,,0,0,0,,0,0,0,0,,
전자랜드 율량점,,혼매충청팀(A),전자랜드,양판,0,0,0,,0,0,0,0,,,0,0,0,,0,0,0,0,,,0,0,0,,0,0,0,0,,,0,0,0,,0,0,0,0,,,0,0,0,,0,0,0,0,,
전자랜드 청주하나로점,,혼매충청팀(A),전자랜드,양판,0,0,0,,0,0,0,0,,,0,0,0,,0,0,0,0,,,0,0,0,,0,0,0,0,,,0,0,0,,0,0,0,0,,,0,0,0,,0,0,0,0,,
